name,type,L,s,apx,apy,subsystem,dtype,system,inst,device,desc
LS1_CA01:GV_D1124,VALVE,0.072,112.40799996,0.04,0.04,CA01,NONE,LS1,NONE,GV,gate valve
DRIFT,DRIFT,0.1350635,112.49540846,0.04,0.04,NONE,NONE,NONE,NONE,NONE,bellows
LS1_CA01:CAV1_D1127,CAV,0.24,112.69906346,0.034,0.034,CA01,CAV_B04,LS1,D1127,CAV1,b04 cavity
LS1_CA01:BLM_D1128,BLM,0.0,112.78681696,0.034,0.034,CA01,NONE,LS1,NONE,BLM,outside loss monitor
DRIFT,DRIFT,0.06426334,112.86731838,0.04,0.04,NONE,NONE,NONE,NONE,NONE,bellow
LS1_CA01:BPM_D1129,BPM,0.0,112.8833268,0.04,0.04,CA01,BPM6,LS1,D1129,BPM,"position monitor, BPMc"
DRIFT,DRIFT,0.05588,112.9112668,0.04,0.04,NONE,NONE,NONE,NONE,NONE,BPM-box
DRIFT,DRIFT,0.0761235,112.98976855,0.04,0.04,NONE,NONE,NONE,NONE,NONE,solenoid-entry
LS1_CA01:SOL1_D1131,SOLCOR,0.2,113.1153303,0.04,0.04,CA01,SOL_S1,LS1,D1131,SOL1,solenoid+correctors
LS1_CA01:DCH_D1131,HCOR,0.0,113.1153303,0.04,0.04,CA01,S1,LS1,D1131,DCH,horiz. corrector magnet
LS1_CA01:DCV_D1131,VCOR,0.0,113.1153303,0.04,0.04,CA01,S1,LS1,D1131,DCV,vert. corrector magnet
DRIFT,DRIFT,0.0761235,113.24089205,0.04,0.04,NONE,NONE,NONE,NONE,NONE,solenoid-exit
DRIFT,DRIFT,0.0672705,113.3089658,0.04,0.04,NONE,NONE,NONE,NONE,NONE,bellow
LS1_CA01:CAV2_D1135,CAV,0.24,113.4787243,0.034,0.034,CA01,CAV_B04,LS1,D1135,CAV2,b04 cavity
DRIFT,DRIFT,0.539646,113.8685473,0.034,0.034,NONE,NONE,NONE,NONE,NONE,2 bellows + tube
LS1_CA01:CAV3_D1143,CAV,0.24,114.2583703,0.034,0.034,CA01,CAV_B04,LS1,D1143,CAV3,b04 cavity
LS1_CA01:BLM_D1143,BLM,0.0,114.3461238,0.034,0.034,CA01,NONE,LS1,NONE,BLM,outside loss monitor
DRIFT,DRIFT,0.06426334,114.42662522,0.034,0.034,NONE,NONE,NONE,NONE,NONE,bellow
LS1_CA01:BPM_D1144,BPM,0.0,114.44263364,0.04,0.04,CA01,BPM6,LS1,D1144,BPM,"position monitor, BPMc"
DRIFT,DRIFT,0.05588,114.47057364,0.04,0.04,NONE,NONE,NONE,NONE,NONE,BPM-box
DRIFT,DRIFT,0.0761235,114.54907539,0.04,0.04,NONE,NONE,NONE,NONE,NONE,solenoid-entry
LS1_CA01:SOL2_D1147,SOLCOR,0.2,114.67463714,0.04,0.04,CA01,SOL_S1,LS1,D1147,SOL2,solenoid+correctors
LS1_CA01:DCH_D1147,HCOR,0.0,114.67463714,0.04,0.04,CA01,S1,LS1,D1147,DCH,horiz. corrector magnet
LS1_CA01:DCV_D1147,VCOR,0.0,114.67463714,0.04,0.04,CA01,S1,LS1,D1147,DCV,vert. corrector magnet
DRIFT,DRIFT,0.0761235,114.80019889,0.04,0.04,NONE,NONE,NONE,NONE,NONE,solenoid-exit
DRIFT,DRIFT,0.0672705,114.86827264,0.04,0.04,NONE,NONE,NONE,NONE,NONE,bellow
LS1_CA01:CAV4_D1150,CAV,0.24,115.03803114,0.034,0.034,CA01,CAV_B04,LS1,D1150,CAV4,b04 cavity
DRIFT,DRIFT,0.1350635,115.24168614,0.034,0.034,NONE,NONE,NONE,NONE,NONE,bellows
LS1_CA01:GV_D1153,VALVE,0.072,115.32909464,0.04,0.04,CA01,NONE,LS1,NONE,GV,gate valve
DRIFT,DRIFT,0.116,115.42309464,0.04,0.04,NONE,NONE,NONE,NONE,NONE,bellow
LS1_WA01:BPM_D1155,BPM,0.0,115.48109464,0.04,0.04,WA01,BPM2,LS1,D1155,BPM,position monitor
DRIFT,DRIFT,0.074,115.51809464,0.04,0.04,NONE,NONE,NONE,NONE,NONE,diagnostic box
LS1_WA01:BL_D1156,BL,0.0,115.55509464,0.04,0.04,WA01,LPMx,LS1,NONE,BL,bunch length monitor
DRIFT,DRIFT,0.091,115.60059464,0.04,0.04,NONE,NONE,NONE,NONE,NONE,diagnostic box
LS1_WA01:PORT_D1156,PORT,0.0,115.64609464,0.04,0.04,WA01,IP_S,LS1,NONE,PORT,"pump, 65 l/s"
DRIFT,DRIFT,0.099,115.69559464,0.04,0.04,NONE,NONE,NONE,NONE,NONE,bellow
LS1_CA02:GV_D1158,VALVE,0.072,115.78109464,0.04,0.04,CA02,NONE,LS1,NONE,GV,gate valve
DRIFT,DRIFT,0.1350635,115.86850314,0.04,0.04,NONE,NONE,NONE,NONE,NONE,bellows
LS1_CA02:CAV1_D1161,CAV,0.24,116.07215814,0.034,0.034,CA02,CAV_B04,LS1,D1161,CAV1,b04 cavity
LS1_CA02:BLM_D1162,BLM,0.0,116.15991164,0.034,0.034,CA02,NONE,LS1,NONE,BLM,outside loss monitor
DRIFT,DRIFT,0.06426334,116.24041306,0.04,0.04,NONE,NONE,NONE,NONE,NONE,bellow
LS1_CA02:BPM_D1163,BPM,0.0,116.25642148,0.04,0.04,CA02,BPM6,LS1,D1163,BPM,"position monitor, BPMc"
DRIFT,DRIFT,0.05588,116.28436148,0.04,0.04,NONE,NONE,NONE,NONE,NONE,BPM-box
DRIFT,DRIFT,0.0761235,116.36286323,0.04,0.04,NONE,NONE,NONE,NONE,NONE,solenoid-entry
LS1_CA02:SOL1_D1165,SOLCOR,0.2,116.48842498,0.04,0.04,CA02,SOL_S1,LS1,D1165,SOL1,solenoid+correctors
LS1_CA02:DCH_D1165,HCOR,0.0,116.48842498,0.04,0.04,CA02,S1,LS1,D1165,DCH,horiz. corrector magnet
LS1_CA02:DCV_D1165,VCOR,0.0,116.48842498,0.04,0.04,CA02,S1,LS1,D1165,DCV,vert. corrector magnet
DRIFT,DRIFT,0.0761235,116.61398673,0.04,0.04,NONE,NONE,NONE,NONE,NONE,solenoid-exit
DRIFT,DRIFT,0.0672705,116.68206048,0.04,0.04,NONE,NONE,NONE,NONE,NONE,bellow
LS1_CA02:CAV2_D1169,CAV,0.24,116.85181898,0.034,0.034,CA02,CAV_B04,LS1,D1169,CAV2,b04 cavity
DRIFT,DRIFT,0.539646,117.24164198,0.034,0.034,NONE,NONE,NONE,NONE,NONE,2 bellows + tube
LS1_CA02:CAV3_D1176,CAV,0.24,117.63146498,0.034,0.034,CA02,CAV_B04,LS1,D1176,CAV3,b04 cavity
LS1_CA02:BLM_D1177,BLM,0.0,117.71921848,0.034,0.034,CA02,NONE,LS1,NONE,BLM,outside loss monitor
DRIFT,DRIFT,0.06426334,117.7997199,0.034,0.034,NONE,NONE,NONE,NONE,NONE,bellow
LS1_CA02:BPM_D1178,BPM,0.0,117.81572832,0.04,0.04,CA02,BPM6,LS1,D1178,BPM,"position monitor, BPMc"
DRIFT,DRIFT,0.05588,117.84366832,0.04,0.04,NONE,NONE,NONE,NONE,NONE,BPM-box
DRIFT,DRIFT,0.0761235,117.92217007,0.04,0.04,NONE,NONE,NONE,NONE,NONE,solenoid-entry
LS1_CA02:SOL2_D1180,SOLCOR,0.2,118.04773182,0.04,0.04,CA02,SOL_S1,LS1,D1180,SOL2,solenoid+correctors
LS1_CA02:DCH_D1180,HCOR,0.0,118.04773182,0.04,0.04,CA02,S1,LS1,D1180,DCH,horiz. corrector magnet
LS1_CA02:DCV_D1180,VCOR,0.0,118.04773182,0.04,0.04,CA02,S1,LS1,D1180,DCV,vert. corrector magnet
DRIFT,DRIFT,0.0761235,118.17329357,0.04,0.04,NONE,NONE,NONE,NONE,NONE,solenoid-exit
DRIFT,DRIFT,0.0672705,118.24136732,0.04,0.04,NONE,NONE,NONE,NONE,NONE,bellow
LS1_CA02:CAV4_D1184,CAV,0.24,118.41112582,0.034,0.034,CA02,CAV_B04,LS1,D1184,CAV4,b04 cavity
DRIFT,DRIFT,0.1350635,118.61478082,0.034,0.034,NONE,NONE,NONE,NONE,NONE,bellows
LS1_CA02:GV_D1187,VALVE,0.072,118.70218932,0.04,0.04,CA02,NONE,LS1,NONE,GV,gate valve
DRIFT,DRIFT,0.116,118.79618932,0.04,0.04,NONE,NONE,NONE,NONE,NONE,bellow
LS1_WA02:BPM_D1189,BPM,0.0,118.85418932,0.04,0.04,WA02,BPM2,LS1,D1189,BPM,position monitor
DRIFT,DRIFT,0.074,118.89118932,0.04,0.04,NONE,NONE,NONE,NONE,NONE,diagnostic box
LS1_WA02:PORT_D1189,PORT,0.0,118.92818932,0.04,0.04,WA02,,LS1,NONE,PORT,port for future diagnostics
DRIFT,DRIFT,0.091,118.97368932,0.04,0.04,NONE,NONE,NONE,NONE,NONE,diagnostic box
LS1_WA02:PORT_D1190,PORT,0.0,119.01918932,0.04,0.04,WA02,IP_S,LS1,NONE,PORT,"pump, 65 l/s"
DRIFT,DRIFT,0.099,119.06868932,0.04,0.04,NONE,NONE,NONE,NONE,NONE,bellow
LS1_CA03:GV_D1192,VALVE,0.072,119.15418932,0.04,0.04,CA03,NONE,LS1,NONE,GV,gate valve
DRIFT,DRIFT,0.1350635,119.24159782,0.04,0.04,NONE,NONE,NONE,NONE,NONE,bellows
LS1_CA03:CAV1_D1194,CAV,0.24,119.44525282,0.034,0.034,CA03,CAV_B04,LS1,D1194,CAV1,b04 cavity
LS1_CA03:BLM_D1195,BLM,0.0,119.53300632,0.034,0.034,CA03,NONE,LS1,NONE,BLM,outside loss monitor
DRIFT,DRIFT,0.06426334,119.61350774,0.04,0.04,NONE,NONE,NONE,NONE,NONE,bellow
LS1_CA03:BPM_D1196,BPM,0.0,119.62951616,0.04,0.04,CA03,BPM6,LS1,D1196,BPM,"position monitor, BPMc"
DRIFT,DRIFT,0.05588,119.65745616,0.04,0.04,NONE,NONE,NONE,NONE,NONE,BPM-box
DRIFT,DRIFT,0.0761235,119.73595791,0.04,0.04,NONE,NONE,NONE,NONE,NONE,solenoid-entry
LS1_CA03:SOL1_D1199,SOLCOR,0.2,119.86151966,0.04,0.04,CA03,SOL_S1,LS1,D1199,SOL1,solenoid+correctors
LS1_CA03:DCH_D1199,HCOR,0.0,119.86151966,0.04,0.04,CA03,S1,LS1,D1199,DCH,horiz. corrector magnet
LS1_CA03:DCV_D1199,VCOR,0.0,119.86151966,0.04,0.04,CA03,S1,LS1,D1199,DCV,vert. corrector magnet
DRIFT,DRIFT,0.0761235,119.98708141,0.04,0.04,NONE,NONE,NONE,NONE,NONE,solenoid-exit
DRIFT,DRIFT,0.0672705,120.05515516,0.04,0.04,NONE,NONE,NONE,NONE,NONE,bellow
LS1_CA03:CAV2_D1202,CAV,0.24,120.22491366,0.034,0.034,CA03,CAV_B04,LS1,D1202,CAV2,b04 cavity
DRIFT,DRIFT,0.539646,120.61473666,0.034,0.034,NONE,NONE,NONE,NONE,NONE,2 bellows + tube
LS1_CA03:CAV3_D1210,CAV,0.24,121.00455966,0.034,0.034,CA03,CAV_B04,LS1,D1210,CAV3,b04 cavity
LS1_CA03:BLM_D1211,BLM,0.0,121.09231316,0.034,0.034,CA03,NONE,LS1,NONE,BLM,outside loss monitor
DRIFT,DRIFT,0.06426334,121.17281458,0.034,0.034,NONE,NONE,NONE,NONE,NONE,bellow
LS1_CA03:BPM_D1212,BPM,0.0,121.188823,0.04,0.04,CA03,BPM6,LS1,D1212,BPM,"position monitor, BPMc"
DRIFT,DRIFT,0.05588,121.216763,0.04,0.04,NONE,NONE,NONE,NONE,NONE,BPM-box
DRIFT,DRIFT,0.0761235,121.29526475,0.04,0.04,NONE,NONE,NONE,NONE,NONE,solenoid-entry
LS1_CA03:SOL2_D1214,SOLCOR,0.2,121.4208265,0.04,0.04,CA03,SOL_S1,LS1,D1214,SOL2,solenoid+correctors
LS1_CA03:DCH_D1214,HCOR,0.0,121.4208265,0.04,0.04,CA03,S1,LS1,D1214,DCH,horiz. corrector magnet
LS1_CA03:DCV_D1214,VCOR,0.0,121.4208265,0.04,0.04,CA03,S1,LS1,D1214,DCV,vert. corrector magnet
DRIFT,DRIFT,0.0761235,121.54638825,0.04,0.04,NONE,NONE,NONE,NONE,NONE,solenoid-exit
DRIFT,DRIFT,0.0672705,121.614462,0.04,0.04,NONE,NONE,NONE,NONE,NONE,bellow
LS1_CA03:CAV4_D1218,CAV,0.24,121.7842205,0.034,0.034,CA03,CAV_B04,LS1,D1218,CAV4,b04 cavity
DRIFT,DRIFT,0.1350635,121.9878755,0.034,0.034,NONE,NONE,NONE,NONE,NONE,bellows
LS1_CA03:GV_D1221,VALVE,0.072,122.075284,0.04,0.04,CA03,NONE,LS1,NONE,GV,gate valve
DRIFT,DRIFT,0.116,122.169284,0.04,0.04,NONE,NONE,NONE,NONE,NONE,bellow
LS1_WA03:BPM_D1222,BPM,0.0,122.227284,0.04,0.04,WA03,BPM2,LS1,D1222,BPM,position monitor
DRIFT,DRIFT,0.074,122.264284,0.04,0.04,NONE,NONE,NONE,NONE,NONE,diagnostic box
LS1_WA03:PM_D1223,PM,0.0,122.301284,0.04,0.04,WA03,PMx,LS1,D1223,PM,profile monitor
DRIFT,DRIFT,0.091,122.346784,0.04,0.04,NONE,NONE,NONE,NONE,NONE,diagnostic box
LS1_WA03:PORT_D1224,PORT,0.0,122.392284,0.04,0.04,WA03,IP_S,LS1,NONE,PORT,"pump, 65 l/s"
DRIFT,DRIFT,0.099,122.441784,0.04,0.04,NONE,NONE,NONE,NONE,NONE,bellow
LS1_CB01:GV_D1225,VALVE,0.072,122.527284,0.04,0.04,CB01,NONE,LS1,NONE,GV,gate valve
DRIFT,DRIFT,0.1753115,122.6504825,0.04,0.04,NONE,NONE,NONE,NONE,NONE,bellows
LS1_CB01:CAV1_D1229,CAV,0.3,122.8885955,0.034,0.034,CB01,CAV_B08,LS1,D1229,CAV1,b08 cavity
LS1_CB01:BLM_D1230,BLM,0.0,123.037681,0.034,0.034,CB01,NONE,LS1,NONE,BLM,outside loss monitor
DRIFT,DRIFT,0.09559534,123.08685042,0.04,0.04,NONE,NONE,NONE,NONE,NONE,bellow
LS1_CB01:BPM_D1231,BPM,0.0,123.13419084,0.04,0.04,CB01,BPM6,LS1,D1231,BPM,"position monitor, BPMc"
DRIFT,DRIFT,0.05588,123.16213084,0.04,0.04,NONE,NONE,NONE,NONE,NONE,BPM-box
DRIFT,DRIFT,0.076136,123.22813884,0.04,0.04,NONE,NONE,NONE,NONE,NONE,solenoid-entry
LS1_CB01:SOL1_D1235,SOLCOR,0.5,123.51620684,0.04,0.04,CB01,SOL_S2,LS1,D1235,SOL1,solenoid+correctors
LS1_CB01:DCH_D1235,HCOR,0.0,123.51620684,0.04,0.04,CB01,S2,LS1,D1235,DCH,horiz. corrector magnet
LS1_CB01:DCV_D1235,VCOR,0.0,123.51620684,0.04,0.04,CB01,S2,LS1,D1235,DCV,vert. corrector magnet
DRIFT,DRIFT,0.076136,123.80427484,0.04,0.04,NONE,NONE,NONE,NONE,NONE,solenoid-exit
DRIFT,DRIFT,0.0986025,123.89118684,0.04,0.04,NONE,NONE,NONE,NONE,NONE,bellow
LS1_CB01:CAV2_D1241,CAV,0.3,124.09094534,0.034,0.034,CB01,CAV_B08,LS1,D1241,CAV2,b08 cavity
DRIFT,DRIFT,0.097688,124.28978934,0.034,0.034,NONE,NONE,NONE,NONE,NONE,bellow
LS1_CB01:CAV3_D1245,CAV,0.3,124.48863334,0.034,0.034,CB01,CAV_B08,LS1,D1245,CAV3,b08 cavity
DRIFT,DRIFT,0.097688,124.68747734,0.034,0.034,NONE,NONE,NONE,NONE,NONE,bellow
LS1_CB01:CAV4_D1249,CAV,0.3,124.88632134,0.034,0.034,CB01,CAV_B08,LS1,D1249,CAV4,b08 cavity
LS1_CB01:BLM_D1250,BLM,0.0,125.03540684,0.034,0.034,CB01,NONE,LS1,NONE,BLM,outside loss monitor
DRIFT,DRIFT,0.09559534,125.08457626,0.034,0.034,NONE,NONE,NONE,NONE,NONE,bellow
LS1_CB01:BPM_D1251,BPM,0.0,125.13191668,0.04,0.04,CB01,BPM6,LS1,D1251,BPM,"position monitor, BPMc"
DRIFT,DRIFT,0.05588,125.15985668,0.04,0.04,NONE,NONE,NONE,NONE,NONE,BPM-box
DRIFT,DRIFT,0.076136,125.22586468,0.04,0.04,NONE,NONE,NONE,NONE,NONE,solenoid-entry
LS1_CB01:SOL2_D1255,SOLCOR,0.5,125.51393268,0.04,0.04,CB01,SOL_S2,LS1,D1255,SOL2,solenoid+correctors
LS1_CB01:DCH_D1255,HCOR,0.0,125.51393268,0.04,0.04,CB01,S2,LS1,D1255,DCH,horiz. corrector magnet
LS1_CB01:DCV_D1255,VCOR,0.0,125.51393268,0.04,0.04,CB01,S2,LS1,D1255,DCV,vert. corrector magnet
DRIFT,DRIFT,0.076136,125.80200068,0.04,0.04,NONE,NONE,NONE,NONE,NONE,solenoid-exit
DRIFT,DRIFT,0.0986025,125.88891268,0.04,0.04,NONE,NONE,NONE,NONE,NONE,bellow
LS1_CB01:CAV5_D1261,CAV,0.3,126.08867118,0.034,0.034,CB01,CAV_B08,LS1,D1261,CAV5,b08 cavity
DRIFT,DRIFT,0.097688,126.28751518,0.034,0.034,NONE,NONE,NONE,NONE,NONE,bellow
LS1_CB01:CAV6_D1265,CAV,0.3,126.48635918,0.034,0.034,CB01,CAV_B08,LS1,D1265,CAV6,b08 cavity
DRIFT,DRIFT,0.097688,126.68520318,0.034,0.034,NONE,NONE,NONE,NONE,NONE,bellow
LS1_CB01:CAV7_D1269,CAV,0.3,126.88404718,0.034,0.034,CB01,CAV_B08,LS1,D1269,CAV7,b08 cavity
LS1_CB01:BLM_D1270,BLM,0.0,127.03313268,0.034,0.034,CB01,NONE,LS1,NONE,BLM,outside loss monitor
DRIFT,DRIFT,0.09559534,127.0823021,0.034,0.034,NONE,NONE,NONE,NONE,NONE,bellow
LS1_CB01:BPM_D1271,BPM,0.0,127.12964252,0.04,0.04,CB01,BPM6,LS1,D1271,BPM,"position monitor, BPMc"
DRIFT,DRIFT,0.05588,127.15758252,0.04,0.04,NONE,NONE,NONE,NONE,NONE,BPM-box
DRIFT,DRIFT,0.076136,127.22359052,0.04,0.04,NONE,NONE,NONE,NONE,NONE,solenoid-entry
LS1_CB01:SOL3_D1275,SOLCOR,0.5,127.51165852,0.04,0.04,CB01,SOL_S2,LS1,D1275,SOL3,solenoid+correctors
LS1_CB01:DCH_D1275,HCOR,0.0,127.51165852,0.04,0.04,CB01,S2,LS1,D1275,DCH,horiz. corrector magnet
LS1_CB01:DCV_D1275,VCOR,0.0,127.51165852,0.04,0.04,CB01,S2,LS1,D1275,DCV,vert. corrector magnet
DRIFT,DRIFT,0.076136,127.79972652,0.04,0.04,NONE,NONE,NONE,NONE,NONE,solenoid-exit
DRIFT,DRIFT,0.0986025,127.88663852,0.04,0.04,NONE,NONE,NONE,NONE,NONE,bellow
LS1_CB01:CAV8_D1281,CAV,0.3,128.08639702,0.034,0.034,CB01,CAV_B08,LS1,D1281,CAV8,b08 cavity
DRIFT,DRIFT,0.1753115,128.32451002,0.034,0.034,NONE,NONE,NONE,NONE,NONE,bellows
LS1_CB01:GV_D1284,VALVE,0.072,128.44770852,0.04,0.04,CB01,NONE,LS1,NONE,GV,gate valve
DRIFT,DRIFT,0.116,128.54170852,0.04,0.04,NONE,NONE,NONE,NONE,NONE,bellow
LS1_WB01:BPM_D1286,BPM,0.0,128.59970852,0.04,0.04,WB01,BPM2,LS1,D1286,BPM,position monitor
DRIFT,DRIFT,0.074,128.63670852,0.04,0.04,NONE,NONE,NONE,NONE,NONE,diagnostic box
LS1_WB01:PM_D1287,PM,0.0,128.67370852,0.04,0.04,WB01,PMx,LS1,D1287,PM,profile monitor
DRIFT,DRIFT,0.091,128.71920852,0.04,0.04,NONE,NONE,NONE,NONE,NONE,diagnostic box
LS1_WB01:PORT_D1288,PORT,0.0,128.76470852,0.04,0.04,WB01,IP_S,LS1,NONE,PORT,"pump, 65 l/s"
DRIFT,DRIFT,0.099,128.81420852,0.04,0.04,NONE,NONE,NONE,NONE,NONE,bellow
LS1_CB02:GV_D1289,VALVE,0.072,128.89970852,0.04,0.04,CB02,NONE,LS1,NONE,GV,gate valve
DRIFT,DRIFT,0.1753115,129.02290702,0.04,0.04,NONE,NONE,NONE,NONE,NONE,bellows
LS1_CB02:CAV1_D1293,CAV,0.3,129.26102002,0.034,0.034,CB02,CAV_B08,LS1,D1293,CAV1,b08 cavity
LS1_CB02:BLM_D1294,BLM,0.0,129.41010552,0.034,0.034,CB02,NONE,LS1,NONE,BLM,outside loss monitor
DRIFT,DRIFT,0.09559534,129.45927494,0.04,0.04,NONE,NONE,NONE,NONE,NONE,bellow
LS1_CB02:BPM_D1295,BPM,0.0,129.50661536,0.04,0.04,CB02,BPM6,LS1,D1295,BPM,"position monitor, BPMc"
DRIFT,DRIFT,0.05588,129.53455536,0.04,0.04,NONE,NONE,NONE,NONE,NONE,BPM-box
DRIFT,DRIFT,0.076136,129.60056336,0.04,0.04,NONE,NONE,NONE,NONE,NONE,solenoid-entry
LS1_CB02:SOL1_D1299,SOLCOR,0.5,129.88863136,0.04,0.04,CB02,SOL_S2,LS1,D1299,SOL1,solenoid+correctors
LS1_CB02:DCH_D1299,HCOR,0.0,129.88863136,0.04,0.04,CB02,S2,LS1,D1299,DCH,horiz. corrector magnet
LS1_CB02:DCV_D1299,VCOR,0.0,129.88863136,0.04,0.04,CB02,S2,LS1,D1299,DCV,vert. corrector magnet
DRIFT,DRIFT,0.076136,130.17669936,0.04,0.04,NONE,NONE,NONE,NONE,NONE,solenoid-exit
DRIFT,DRIFT,0.0986025,130.26361136,0.04,0.04,NONE,NONE,NONE,NONE,NONE,bellow
LS1_CB02:CAV2_D1305,CAV,0.3,130.46336986,0.034,0.034,CB02,CAV_B08,LS1,D1305,CAV2,b08 cavity
DRIFT,DRIFT,0.097688,130.66221386,0.034,0.034,NONE,NONE,NONE,NONE,NONE,bellow
LS1_CB02:CAV3_D1309,CAV,0.3,130.86105786,0.034,0.034,CB02,CAV_B08,LS1,D1309,CAV3,b08 cavity
DRIFT,DRIFT,0.097688,131.05990186,0.034,0.034,NONE,NONE,NONE,NONE,NONE,bellow
LS1_CB02:CAV4_D1313,CAV,0.3,131.25874586,0.034,0.034,CB02,CAV_B08,LS1,D1313,CAV4,b08 cavity
LS1_CB02:BLM_D1314,BLM,0.0,131.40783136,0.034,0.034,CB02,NONE,LS1,NONE,BLM,outside loss monitor
DRIFT,DRIFT,0.09559534,131.45700078,0.034,0.034,NONE,NONE,NONE,NONE,NONE,bellow
LS1_CB02:BPM_D1315,BPM,0.0,131.5043412,0.04,0.04,CB02,BPM6,LS1,D1315,BPM,"position monitor, BPMc"
DRIFT,DRIFT,0.05588,131.5322812,0.04,0.04,NONE,NONE,NONE,NONE,NONE,BPM-box
DRIFT,DRIFT,0.076136,131.5982892,0.04,0.04,NONE,NONE,NONE,NONE,NONE,solenoid-entry
LS1_CB02:SOL2_D1319,SOLCOR,0.5,131.8863572,0.04,0.04,CB02,SOL_S2,LS1,D1319,SOL2,solenoid+correctors
LS1_CB02:DCH_D1319,HCOR,0.0,131.8863572,0.04,0.04,CB02,S2,LS1,D1319,DCH,horiz. corrector magnet
LS1_CB02:DCV_D1319,VCOR,0.0,131.8863572,0.04,0.04,CB02,S2,LS1,D1319,DCV,vert. corrector magnet
DRIFT,DRIFT,0.076136,132.1744252,0.04,0.04,NONE,NONE,NONE,NONE,NONE,solenoid-exit
DRIFT,DRIFT,0.0986025,132.2613372,0.04,0.04,NONE,NONE,NONE,NONE,NONE,bellow
LS1_CB02:CAV5_D1325,CAV,0.3,132.4610957,0.034,0.034,CB02,CAV_B08,LS1,D1325,CAV5,b08 cavity
DRIFT,DRIFT,0.097688,132.6599397,0.034,0.034,NONE,NONE,NONE,NONE,NONE,bellow
LS1_CB02:CAV6_D1329,CAV,0.3,132.8587837,0.034,0.034,CB02,CAV_B08,LS1,D1329,CAV6,b08 cavity
DRIFT,DRIFT,0.097688,133.0576277,0.034,0.034,NONE,NONE,NONE,NONE,NONE,bellow
LS1_CB02:CAV7_D1333,CAV,0.3,133.2564717,0.034,0.034,CB02,CAV_B08,LS1,D1333,CAV7,b08 cavity
LS1_CB02:BLM_D1334,BLM,0.0,133.4055572,0.034,0.034,CB02,NONE,LS1,NONE,BLM,outside loss monitor
DRIFT,DRIFT,0.09559534,133.45472662,0.034,0.034,NONE,NONE,NONE,NONE,NONE,bellow
LS1_CB02:BPM_D1335,BPM,0.0,133.50206704,0.04,0.04,CB02,BPM6,LS1,D1335,BPM,"position monitor, BPMc"
DRIFT,DRIFT,0.05588,133.53000704,0.04,0.04,NONE,NONE,NONE,NONE,NONE,BPM-box
DRIFT,DRIFT,0.076136,133.59601504,0.04,0.04,NONE,NONE,NONE,NONE,NONE,solenoid-entry
LS1_CB02:SOL3_D1339,SOLCOR,0.5,133.88408304,0.04,0.04,CB02,SOL_S2,LS1,D1339,SOL3,solenoid+correctors
LS1_CB02:DCH_D1339,HCOR,0.0,133.88408304,0.04,0.04,CB02,S2,LS1,D1339,DCH,horiz. corrector magnet
LS1_CB02:DCV_D1339,VCOR,0.0,133.88408304,0.04,0.04,CB02,S2,LS1,D1339,DCV,vert. corrector magnet
DRIFT,DRIFT,0.076136,134.17215104,0.04,0.04,NONE,NONE,NONE,NONE,NONE,solenoid-exit
DRIFT,DRIFT,0.0986025,134.25906304,0.04,0.04,NONE,NONE,NONE,NONE,NONE,bellow
LS1_CB02:CAV8_D1345,CAV,0.3,134.45882154,0.034,0.034,CB02,CAV_B08,LS1,D1345,CAV8,b08 cavity
DRIFT,DRIFT,0.1753115,134.69693454,0.034,0.034,NONE,NONE,NONE,NONE,NONE,bellows
LS1_CB02:GV_D1348,VALVE,0.072,134.82013304,0.04,0.04,CB02,NONE,LS1,NONE,GV,gate valve
DRIFT,DRIFT,0.116,134.91413304,0.04,0.04,NONE,NONE,NONE,NONE,NONE,bellow
LS1_WB02:BPM_D1350,BPM,0.0,134.97213304,0.04,0.04,WB02,BPM2,LS1,D1350,BPM,position monitor
DRIFT,DRIFT,0.074,135.00913304,0.04,0.04,NONE,NONE,NONE,NONE,NONE,diagnostic box
LS1_WB02:PM_D1350,PM,0.0,135.04613304,0.04,0.04,WB02,PMx,LS1,D1350,PM,profile monitor
DRIFT,DRIFT,0.091,135.09163304,0.04,0.04,NONE,NONE,NONE,NONE,NONE,diagnostic box
LS1_WB02:PORT_D1351,PORT,0.0,135.13713304,0.04,0.04,WB02,IP_S,LS1,NONE,PORT,"pump, 65 l/s"
DRIFT,DRIFT,0.099,135.18663304,0.04,0.04,NONE,NONE,NONE,NONE,NONE,bellow
LS1_CB03:GV_D1353,VALVE,0.072,135.27213304,0.04,0.04,CB03,NONE,LS1,NONE,GV,gate valve
DRIFT,DRIFT,0.1753115,135.39533154,0.04,0.04,NONE,NONE,NONE,NONE,NONE,bellows
LS1_CB03:CAV1_D1356,CAV,0.3,135.63344454,0.034,0.034,CB03,CAV_B08,LS1,D1356,CAV1,b08 cavity
LS1_CB03:BLM_D1358,BLM,0.0,135.78253004,0.034,0.034,CB03,NONE,LS1,NONE,BLM,outside loss monitor
DRIFT,DRIFT,0.09559534,135.83169946,0.04,0.04,NONE,NONE,NONE,NONE,NONE,bellow
LS1_CB03:BPM_D1359,BPM,0.0,135.87903988,0.04,0.04,CB03,BPM6,LS1,D1359,BPM,"position monitor, BPMc"
DRIFT,DRIFT,0.05588,135.90697988,0.04,0.04,NONE,NONE,NONE,NONE,NONE,BPM-box
DRIFT,DRIFT,0.076136,135.97298788,0.04,0.04,NONE,NONE,NONE,NONE,NONE,solenoid-entry
LS1_CB03:SOL1_D1363,SOLCOR,0.5,136.26105588,0.04,0.04,CB03,SOL_S2,LS1,D1363,SOL1,solenoid+correctors
LS1_CB03:DCH_D1363,HCOR,0.0,136.26105588,0.04,0.04,CB03,S2,LS1,D1363,DCH,horiz. corrector magnet
LS1_CB03:DCV_D1363,VCOR,0.0,136.26105588,0.04,0.04,CB03,S2,LS1,D1363,DCV,vert. corrector magnet
DRIFT,DRIFT,0.076136,136.54912388,0.04,0.04,NONE,NONE,NONE,NONE,NONE,solenoid-exit
DRIFT,DRIFT,0.0986025,136.63603588,0.04,0.04,NONE,NONE,NONE,NONE,NONE,bellow
LS1_CB03:CAV2_D1368,CAV,0.3,136.83579438,0.034,0.034,CB03,CAV_B08,LS1,D1368,CAV2,b08 cavity
DRIFT,DRIFT,0.097688,137.03463838,0.034,0.034,NONE,NONE,NONE,NONE,NONE,bellow
LS1_CB03:CAV3_D1372,CAV,0.3,137.23348238,0.034,0.034,CB03,CAV_B08,LS1,D1372,CAV3,b08 cavity
DRIFT,DRIFT,0.097688,137.43232638,0.034,0.034,NONE,NONE,NONE,NONE,NONE,bellow
LS1_CB03:CAV4_D1376,CAV,0.3,137.63117038,0.034,0.034,CB03,CAV_B08,LS1,D1376,CAV4,b08 cavity
LS1_CB03:BLM_D1378,BLM,0.0,137.78025588,0.034,0.034,CB03,NONE,LS1,NONE,BLM,outside loss monitor
DRIFT,DRIFT,0.09559534,137.8294253,0.034,0.034,NONE,NONE,NONE,NONE,NONE,bellow
LS1_CB03:BPM_D1379,BPM,0.0,137.87676572,0.04,0.04,CB03,BPM6,LS1,D1379,BPM,"position monitor, BPMc"
DRIFT,DRIFT,0.05588,137.90470572,0.04,0.04,NONE,NONE,NONE,NONE,NONE,BPM-box
DRIFT,DRIFT,0.076136,137.97071372,0.04,0.04,NONE,NONE,NONE,NONE,NONE,solenoid-entry
LS1_CB03:SOL2_D1383,SOLCOR,0.5,138.25878172,0.04,0.04,CB03,SOL_S2,LS1,D1383,SOL2,solenoid+correctors
LS1_CB03:DCH_D1383,HCOR,0.0,138.25878172,0.04,0.04,CB03,S2,LS1,D1383,DCH,horiz. corrector magnet
LS1_CB03:DCV_D1383,VCOR,0.0,138.25878172,0.04,0.04,CB03,S2,LS1,D1383,DCV,vert. corrector magnet
DRIFT,DRIFT,0.076136,138.54684972,0.04,0.04,NONE,NONE,NONE,NONE,NONE,solenoid-exit
DRIFT,DRIFT,0.0986025,138.63376172,0.04,0.04,NONE,NONE,NONE,NONE,NONE,bellow
LS1_CB03:CAV5_D1388,CAV,0.3,138.83352022,0.034,0.034,CB03,CAV_B08,LS1,D1388,CAV5,b08 cavity
DRIFT,DRIFT,0.097688,139.03236422,0.034,0.034,NONE,NONE,NONE,NONE,NONE,bellow
LS1_CB03:CAV6_D1392,CAV,0.3,139.23120822,0.034,0.034,CB03,CAV_B08,LS1,D1392,CAV6,b08 cavity
DRIFT,DRIFT,0.097688,139.43005222,0.034,0.034,NONE,NONE,NONE,NONE,NONE,bellow
LS1_CB03:CAV7_D1396,CAV,0.3,139.62889622,0.034,0.034,CB03,CAV_B08,LS1,D1396,CAV7,b08 cavity
LS1_CB03:BLM_D1398,BLM,0.0,139.77798172,0.034,0.034,CB03,NONE,LS1,NONE,BLM,outside loss monitor
DRIFT,DRIFT,0.09559534,139.82715114,0.034,0.034,NONE,NONE,NONE,NONE,NONE,bellow
LS1_CB03:BPM_D1399,BPM,0.0,139.87449156,0.04,0.04,CB03,BPM6,LS1,D1399,BPM,"position monitor, BPMc"
DRIFT,DRIFT,0.05588,139.90243156,0.04,0.04,NONE,NONE,NONE,NONE,NONE,BPM-box
DRIFT,DRIFT,0.076136,139.96843956,0.04,0.04,NONE,NONE,NONE,NONE,NONE,solenoid-entry
LS1_CB03:SOL3_D1403,SOLCOR,0.5,140.25650756,0.04,0.04,CB03,SOL_S2,LS1,D1403,SOL3,solenoid+correctors
LS1_CB03:DCH_D1403,HCOR,0.0,140.25650756,0.04,0.04,CB03,S2,LS1,D1403,DCH,horiz. corrector magnet
LS1_CB03:DCV_D1403,VCOR,0.0,140.25650756,0.04,0.04,CB03,S2,LS1,D1403,DCV,vert. corrector magnet
DRIFT,DRIFT,0.076136,140.54457556,0.04,0.04,NONE,NONE,NONE,NONE,NONE,solenoid-exit
DRIFT,DRIFT,0.0986025,140.63148756,0.04,0.04,NONE,NONE,NONE,NONE,NONE,bellow
LS1_CB03:CAV8_D1408,CAV,0.3,140.83124606,0.034,0.034,CB03,CAV_B08,LS1,D1408,CAV8,b08 cavity
DRIFT,DRIFT,0.1753115,141.06935906,0.034,0.034,NONE,NONE,NONE,NONE,NONE,bellows
LS1_CB03:GV_D1412,VALVE,0.072,141.19255756,0.04,0.04,CB03,NONE,LS1,NONE,GV,gate valve
DRIFT,DRIFT,0.116,141.28655756,0.04,0.04,NONE,NONE,NONE,NONE,NONE,bellow
LS1_WB03:BPM_D1413,BPM,0.0,141.34455756,0.04,0.04,WB03,BPM2,LS1,D1413,BPM,position monitor
DRIFT,DRIFT,0.074,141.38155756,0.04,0.04,NONE,NONE,NONE,NONE,NONE,diagnostic box
LS1_WB03:PM_D1414,PM,0.0,141.41855756,0.04,0.04,WB03,PMx,LS1,D1414,PM,profile monitor
DRIFT,DRIFT,0.091,141.46405756,0.04,0.04,NONE,NONE,NONE,NONE,NONE,diagnostic box
LS1_WB03:PORT_D1415,PORT,0.0,141.50955756,0.04,0.04,WB03,IP_S,LS1,NONE,PORT,"pump, 65 l/s"
DRIFT,DRIFT,0.099,141.55905756,0.04,0.04,NONE,NONE,NONE,NONE,NONE,bellow
LS1_CB04:GV_D1416,VALVE,0.072,141.64455756,0.04,0.04,CB04,NONE,LS1,NONE,GV,gate valve
DRIFT,DRIFT,0.1753115,141.76775606,0.04,0.04,NONE,NONE,NONE,NONE,NONE,bellows
LS1_CB04:CAV1_D1420,CAV,0.3,142.00586906,0.034,0.034,CB04,CAV_B08,LS1,D1420,CAV1,b08 cavity
LS1_CB04:BLM_D1422,BLM,0.0,142.15495456,0.034,0.034,CB04,NONE,LS1,NONE,BLM,outside loss monitor
DRIFT,DRIFT,0.09559534,142.20412398,0.04,0.04,NONE,NONE,NONE,NONE,NONE,bellow
LS1_CB04:BPM_D1423,BPM,0.0,142.2514644,0.04,0.04,CB04,BPM6,LS1,D1423,BPM,"position monitor, BPMc"
DRIFT,DRIFT,0.05588,142.2794044,0.04,0.04,NONE,NONE,NONE,NONE,NONE,BPM-box
DRIFT,DRIFT,0.076136,142.3454124,0.04,0.04,NONE,NONE,NONE,NONE,NONE,solenoid-entry
LS1_CB04:SOL1_D1426,SOLCOR,0.5,142.6334804,0.04,0.04,CB04,SOL_S2,LS1,D1426,SOL1,solenoid+correctors
LS1_CB04:DCH_D1426,HCOR,0.0,142.6334804,0.04,0.04,CB04,S2,LS1,D1426,DCH,horiz. corrector magnet
LS1_CB04:DCV_D1426,VCOR,0.0,142.6334804,0.04,0.04,CB04,S2,LS1,D1426,DCV,vert. corrector magnet
DRIFT,DRIFT,0.076136,142.9215484,0.04,0.04,NONE,NONE,NONE,NONE,NONE,solenoid-exit
DRIFT,DRIFT,0.0986025,143.0084604,0.04,0.04,NONE,NONE,NONE,NONE,NONE,bellow
LS1_CB04:CAV2_D1432,CAV,0.3,143.2082189,0.034,0.034,CB04,CAV_B08,LS1,D1432,CAV2,b08 cavity
DRIFT,DRIFT,0.097688,143.4070629,0.034,0.034,NONE,NONE,NONE,NONE,NONE,bellow
LS1_CB04:CAV3_D1436,CAV,0.3,143.6059069,0.034,0.034,CB04,CAV_B08,LS1,D1436,CAV3,b08 cavity
DRIFT,DRIFT,0.097688,143.8047509,0.034,0.034,NONE,NONE,NONE,NONE,NONE,bellow
LS1_CB04:CAV4_D1440,CAV,0.3,144.0035949,0.034,0.034,CB04,CAV_B08,LS1,D1440,CAV4,b08 cavity
LS1_CB04:BLM_D1442,BLM,0.0,144.1526804,0.034,0.034,CB04,NONE,LS1,NONE,BLM,outside loss monitor
DRIFT,DRIFT,0.09559534,144.20184982,0.034,0.034,NONE,NONE,NONE,NONE,NONE,bellow
LS1_CB04:BPM_D1442,BPM,0.0,144.24919024,0.04,0.04,CB04,BPM6,LS1,D1442,BPM,"position monitor, BPMc"
DRIFT,DRIFT,0.05588,144.27713024,0.04,0.04,NONE,NONE,NONE,NONE,NONE,BPM-box
DRIFT,DRIFT,0.076136,144.34313824,0.04,0.04,NONE,NONE,NONE,NONE,NONE,solenoid-entry
LS1_CB04:SOL2_D1446,SOLCOR,0.5,144.63120624,0.04,0.04,CB04,SOL_S2,LS1,D1446,SOL2,solenoid+correctors
LS1_CB04:DCH_D1446,HCOR,0.0,144.63120624,0.04,0.04,CB04,S2,LS1,D1446,DCH,horiz. corrector magnet
LS1_CB04:DCV_D1446,VCOR,0.0,144.63120624,0.04,0.04,CB04,S2,LS1,D1446,DCV,vert. corrector magnet
DRIFT,DRIFT,0.076136,144.91927424,0.04,0.04,NONE,NONE,NONE,NONE,NONE,solenoid-exit
DRIFT,DRIFT,0.0986025,145.00618624,0.04,0.04,NONE,NONE,NONE,NONE,NONE,bellow
LS1_CB04:CAV5_D1452,CAV,0.3,145.20594474,0.034,0.034,CB04,CAV_B08,LS1,D1452,CAV5,b08 cavity
DRIFT,DRIFT,0.097688,145.40478874,0.034,0.034,NONE,NONE,NONE,NONE,NONE,bellow
LS1_CB04:CAV6_D1456,CAV,0.3,145.60363274,0.034,0.034,CB04,CAV_B08,LS1,D1456,CAV6,b08 cavity
DRIFT,DRIFT,0.097688,145.80247674,0.034,0.034,NONE,NONE,NONE,NONE,NONE,bellow
LS1_CB04:CAV7_D1460,CAV,0.3,146.00132074,0.034,0.034,CB04,CAV_B08,LS1,D1460,CAV7,b08 cavity
LS1_CB04:BLM_D1462,BLM,0.0,146.15040624,0.034,0.034,CB04,NONE,LS1,NONE,BLM,outside loss monitor
DRIFT,DRIFT,0.09559534,146.19957566,0.034,0.034,NONE,NONE,NONE,NONE,NONE,bellow
LS1_CB04:BPM_D1462,BPM,0.0,146.24691608,0.04,0.04,CB04,BPM6,LS1,D1462,BPM,"position monitor, BPMc"
DRIFT,DRIFT,0.05588,146.27485608,0.04,0.04,NONE,NONE,NONE,NONE,NONE,BPM-box
DRIFT,DRIFT,0.076136,146.34086408,0.04,0.04,NONE,NONE,NONE,NONE,NONE,solenoid-entry
LS1_CB04:SOL3_D1466,SOLCOR,0.5,146.62893208,0.04,0.04,CB04,SOL_S2,LS1,D1466,SOL3,solenoid+correctors
LS1_CB04:DCH_D1466,HCOR,0.0,146.62893208,0.04,0.04,CB04,S2,LS1,D1466,DCH,horiz. corrector magnet
LS1_CB04:DCV_D1466,VCOR,0.0,146.62893208,0.04,0.04,CB04,S2,LS1,D1466,DCV,vert. corrector magnet
DRIFT,DRIFT,0.076136,146.91700008,0.04,0.04,NONE,NONE,NONE,NONE,NONE,solenoid-exit
DRIFT,DRIFT,0.0986025,147.00391208,0.04,0.04,NONE,NONE,NONE,NONE,NONE,bellow
LS1_CB04:CAV8_D1472,CAV,0.3,147.20367058,0.034,0.034,CB04,CAV_B08,LS1,D1472,CAV8,b08 cavity
DRIFT,DRIFT,0.1753115,147.44178358,0.034,0.034,NONE,NONE,NONE,NONE,NONE,bellows
LS1_CB04:GV_D1476,VALVE,0.072,147.56498208,0.04,0.04,CB04,NONE,LS1,NONE,GV,gate valve
DRIFT,DRIFT,0.116,147.65898208,0.04,0.04,NONE,NONE,NONE,NONE,NONE,bellow
LS1_WB04:BPM_D1477,BPM,0.0,147.71698208,0.04,0.04,WB04,BPM2,LS1,D1477,BPM,position monitor
DRIFT,DRIFT,0.074,147.75398208,0.04,0.04,NONE,NONE,NONE,NONE,NONE,diagnostic box
LS1_WB04:PORT_D1478,PORT,0.0,147.79098208,0.04,0.04,WB04,,LS1,NONE,PORT,port for future diagnostics
DRIFT,DRIFT,0.091,147.83648208,0.04,0.04,NONE,NONE,NONE,NONE,NONE,diagnostic box
LS1_WB04:PORT_D1479,PORT,0.0,147.88198208,0.04,0.04,WB04,IP_S,LS1,NONE,PORT,"pump, 65 l/s"
DRIFT,DRIFT,0.099,147.93148208,0.04,0.04,NONE,NONE,NONE,NONE,NONE,bellow
LS1_CB05:GV_D1480,VALVE,0.072,148.01698208,0.04,0.04,CB05,NONE,LS1,NONE,GV,gate valve
DRIFT,DRIFT,0.1753115,148.14018058,0.04,0.04,NONE,NONE,NONE,NONE,NONE,bellows
LS1_CB05:CAV1_D1484,CAV,0.3,148.37829358,0.034,0.034,CB05,CAV_B08,LS1,D1484,CAV1,b08 cavity
LS1_CB05:BLM_D1485,BLM,0.0,148.52737908,0.034,0.034,CB05,NONE,LS1,NONE,BLM,outside loss monitor
DRIFT,DRIFT,0.09559534,148.5765485,0.04,0.04,NONE,NONE,NONE,NONE,NONE,bellow
LS1_CB05:BPM_D1486,BPM,0.0,148.62388892,0.04,0.04,CB05,BPM6,LS1,D1486,BPM,"position monitor, BPMc"
DRIFT,DRIFT,0.05588,148.65182892,0.04,0.04,NONE,NONE,NONE,NONE,NONE,BPM-box
DRIFT,DRIFT,0.076136,148.71783692,0.04,0.04,NONE,NONE,NONE,NONE,NONE,solenoid-entry
LS1_CB05:SOL1_D1490,SOLCOR,0.5,149.00590492,0.04,0.04,CB05,SOL_S2,LS1,D1490,SOL1,solenoid+correctors
LS1_CB05:DCH_D1490,HCOR,0.0,149.00590492,0.04,0.04,CB05,S2,LS1,D1490,DCH,horiz. corrector magnet
LS1_CB05:DCV_D1490,VCOR,0.0,149.00590492,0.04,0.04,CB05,S2,LS1,D1490,DCV,vert. corrector magnet
DRIFT,DRIFT,0.076136,149.29397292,0.04,0.04,NONE,NONE,NONE,NONE,NONE,solenoid-exit
DRIFT,DRIFT,0.0986025,149.38088492,0.04,0.04,NONE,NONE,NONE,NONE,NONE,bellow
LS1_CB05:CAV2_D1496,CAV,0.3,149.58064342,0.034,0.034,CB05,CAV_B08,LS1,D1496,CAV2,b08 cavity
DRIFT,DRIFT,0.097688,149.77948742,0.034,0.034,NONE,NONE,NONE,NONE,NONE,bellow
LS1_CB05:CAV3_D1500,CAV,0.3,149.97833142,0.034,0.034,CB05,CAV_B08,LS1,D1500,CAV3,b08 cavity
DRIFT,DRIFT,0.097688,150.17717542,0.034,0.034,NONE,NONE,NONE,NONE,NONE,bellow
LS1_CB05:CAV4_D1504,CAV,0.3,150.37601942,0.034,0.034,CB05,CAV_B08,LS1,D1504,CAV4,b08 cavity
LS1_CB05:BLM_D1505,BLM,0.0,150.52510492,0.034,0.034,CB05,NONE,LS1,NONE,BLM,outside loss monitor
DRIFT,DRIFT,0.09559534,150.57427434,0.034,0.034,NONE,NONE,NONE,NONE,NONE,bellow
LS1_CB05:BPM_D1506,BPM,0.0,150.62161476,0.04,0.04,CB05,BPM6,LS1,D1506,BPM,"position monitor, BPMc"
DRIFT,DRIFT,0.05588,150.64955476,0.04,0.04,NONE,NONE,NONE,NONE,NONE,BPM-box
DRIFT,DRIFT,0.076136,150.71556276,0.04,0.04,NONE,NONE,NONE,NONE,NONE,solenoid-entry
LS1_CB05:SOL2_D1510,SOLCOR,0.5,151.00363076,0.04,0.04,CB05,SOL_S2,LS1,D1510,SOL2,solenoid+correctors
LS1_CB05:DCH_D1510,HCOR,0.0,151.00363076,0.04,0.04,CB05,S2,LS1,D1510,DCH,horiz. corrector magnet
LS1_CB05:DCV_D1510,VCOR,0.0,151.00363076,0.04,0.04,CB05,S2,LS1,D1510,DCV,vert. corrector magnet
DRIFT,DRIFT,0.076136,151.29169876,0.04,0.04,NONE,NONE,NONE,NONE,NONE,solenoid-exit
DRIFT,DRIFT,0.0986025,151.37861076,0.04,0.04,NONE,NONE,NONE,NONE,NONE,bellow
LS1_CB05:CAV5_D1516,CAV,0.3,151.57836926,0.034,0.034,CB05,CAV_B08,LS1,D1516,CAV5,b08 cavity
DRIFT,DRIFT,0.097688,151.77721326,0.034,0.034,NONE,NONE,NONE,NONE,NONE,bellow
LS1_CB05:CAV6_D1520,CAV,0.3,151.97605726,0.034,0.034,CB05,CAV_B08,LS1,D1520,CAV6,b08 cavity
DRIFT,DRIFT,0.097688,152.17490126,0.034,0.034,NONE,NONE,NONE,NONE,NONE,bellow
LS1_CB05:CAV7_D1524,CAV,0.3,152.37374526,0.034,0.034,CB05,CAV_B08,LS1,D1524,CAV7,b08 cavity
LS1_CB05:BLM_D1525,BLM,0.0,152.52283076,0.034,0.034,CB05,NONE,LS1,NONE,BLM,outside loss monitor
DRIFT,DRIFT,0.09559534,152.57200018,0.034,0.034,NONE,NONE,NONE,NONE,NONE,bellow
LS1_CB05:BPM_D1526,BPM,0.0,152.6193406,0.04,0.04,CB05,BPM6,LS1,D1526,BPM,"position monitor, BPMc"
DRIFT,DRIFT,0.05588,152.6472806,0.04,0.04,NONE,NONE,NONE,NONE,NONE,BPM-box
DRIFT,DRIFT,0.076136,152.7132886,0.04,0.04,NONE,NONE,NONE,NONE,NONE,solenoid-entry
LS1_CB05:SOL3_D1530,SOLCOR,0.5,153.0013566,0.04,0.04,CB05,SOL_S2,LS1,D1530,SOL3,solenoid+correctors
LS1_CB05:DCH_D1530,HCOR,0.0,153.0013566,0.04,0.04,CB05,S2,LS1,D1530,DCH,horiz. corrector magnet
LS1_CB05:DCV_D1530,VCOR,0.0,153.0013566,0.04,0.04,CB05,S2,LS1,D1530,DCV,vert. corrector magnet
DRIFT,DRIFT,0.076136,153.2894246,0.04,0.04,NONE,NONE,NONE,NONE,NONE,solenoid-exit
DRIFT,DRIFT,0.0986025,153.3763366,0.04,0.04,NONE,NONE,NONE,NONE,NONE,bellow
LS1_CB05:CAV8_D1536,CAV,0.3,153.5760951,0.034,0.034,CB05,CAV_B08,LS1,D1536,CAV8,b08 cavity
DRIFT,DRIFT,0.1753115,153.8142081,0.034,0.034,NONE,NONE,NONE,NONE,NONE,bellows
LS1_CB05:GV_D1539,VALVE,0.072,153.9374066,0.04,0.04,CB05,NONE,LS1,NONE,GV,gate valve
DRIFT,DRIFT,0.116,154.0314066,0.04,0.04,NONE,NONE,NONE,NONE,NONE,bellow
LS1_WB05:BPM_D1541,BPM,0.0,154.0894066,0.04,0.04,WB05,BPM2,LS1,D1541,BPM,position monitor
DRIFT,DRIFT,0.074,154.1264066,0.04,0.04,NONE,NONE,NONE,NONE,NONE,diagnostic box
LS1_WB05:PORT_D1542,PORT,0.0,154.1634066,0.04,0.04,WB05,,LS1,NONE,PORT,port for future diagnostics
DRIFT,DRIFT,0.091,154.2089066,0.04,0.04,NONE,NONE,NONE,NONE,NONE,diagnostic box
LS1_WB05:PORT_D1543,PORT,0.0,154.2544066,0.04,0.04,WB05,IP_S,LS1,NONE,PORT,"pump, 65 l/s"
DRIFT,DRIFT,0.099,154.3039066,0.04,0.04,NONE,NONE,NONE,NONE,NONE,bellow
LS1_CB06:GV_D1544,VALVE,0.072,154.3894066,0.04,0.04,CB06,NONE,LS1,NONE,GV,gate valve
DRIFT,DRIFT,0.1753115,154.5126051,0.04,0.04,NONE,NONE,NONE,NONE,NONE,bellows
LS1_CB06:CAV1_D1548,CAV,0.3,154.7507181,0.034,0.034,CB06,CAV_B08,LS1,D1548,CAV1,b08 cavity
LS1_CB06:BLM_D1549,BLM,0.0,154.8998036,0.034,0.034,CB06,NONE,LS1,NONE,BLM,outside loss monitor
DRIFT,DRIFT,0.09559534,154.94897302,0.04,0.04,NONE,NONE,NONE,NONE,NONE,bellow
LS1_CB06:BPM_D1550,BPM,0.0,154.99631344,0.04,0.04,CB06,BPM6,LS1,D1550,BPM,"position monitor, BPMc"
DRIFT,DRIFT,0.05588,155.02425344,0.04,0.04,NONE,NONE,NONE,NONE,NONE,BPM-box
DRIFT,DRIFT,0.076136,155.09026144,0.04,0.04,NONE,NONE,NONE,NONE,NONE,solenoid-entry
LS1_CB06:SOL1_D1554,SOLCOR,0.5,155.37832944,0.04,0.04,CB06,SOL_S2,LS1,D1554,SOL1,solenoid+correctors
LS1_CB06:DCH_D1554,HCOR,0.0,155.37832944,0.04,0.04,CB06,S2,LS1,D1554,DCH,horiz. corrector magnet
LS1_CB06:DCV_D1554,VCOR,0.0,155.37832944,0.04,0.04,CB06,S2,LS1,D1554,DCV,vert. corrector magnet
DRIFT,DRIFT,0.076136,155.66639744,0.04,0.04,NONE,NONE,NONE,NONE,NONE,solenoid-exit
DRIFT,DRIFT,0.0986025,155.75330944,0.04,0.04,NONE,NONE,NONE,NONE,NONE,bellow
LS1_CB06:CAV2_D1560,CAV,0.3,155.95306794,0.034,0.034,CB06,CAV_B08,LS1,D1560,CAV2,b08 cavity
DRIFT,DRIFT,0.097688,156.15191194,0.034,0.034,NONE,NONE,NONE,NONE,NONE,bellow
LS1_CB06:CAV3_D1564,CAV,0.3,156.35075594,0.034,0.034,CB06,CAV_B08,LS1,D1564,CAV3,b08 cavity
DRIFT,DRIFT,0.097688,156.54959994,0.034,0.034,NONE,NONE,NONE,NONE,NONE,bellow
LS1_CB06:CAV4_D1567,CAV,0.3,156.74844394,0.034,0.034,CB06,CAV_B08,LS1,D1567,CAV4,b08 cavity
LS1_CB06:BLM_D1569,BLM,0.0,156.89752944,0.034,0.034,CB06,NONE,LS1,NONE,BLM,outside loss monitor
DRIFT,DRIFT,0.09559534,156.94669886,0.034,0.034,NONE,NONE,NONE,NONE,NONE,bellow
LS1_CB06:BPM_D1570,BPM,0.0,156.99403928,0.04,0.04,CB06,BPM6,LS1,D1570,BPM,"position monitor, BPMc"
DRIFT,DRIFT,0.05588,157.02197928,0.04,0.04,NONE,NONE,NONE,NONE,NONE,BPM-box
DRIFT,DRIFT,0.076136,157.08798728,0.04,0.04,NONE,NONE,NONE,NONE,NONE,solenoid-entry
LS1_CB06:SOL2_D1574,SOLCOR,0.5,157.37605528,0.04,0.04,CB06,SOL_S2,LS1,D1574,SOL2,solenoid+correctors
LS1_CB06:DCH_D1574,HCOR,0.0,157.37605528,0.04,0.04,CB06,S2,LS1,D1574,DCH,horiz. corrector magnet
LS1_CB06:DCV_D1574,VCOR,0.0,157.37605528,0.04,0.04,CB06,S2,LS1,D1574,DCV,vert. corrector magnet
DRIFT,DRIFT,0.076136,157.66412328,0.04,0.04,NONE,NONE,NONE,NONE,NONE,solenoid-exit
DRIFT,DRIFT,0.0986025,157.75103528,0.04,0.04,NONE,NONE,NONE,NONE,NONE,bellow
LS1_CB06:CAV5_D1580,CAV,0.3,157.95079378,0.034,0.034,CB06,CAV_B08,LS1,D1580,CAV5,b08 cavity
DRIFT,DRIFT,0.097688,158.14963778,0.034,0.034,NONE,NONE,NONE,NONE,NONE,bellow
LS1_CB06:CAV6_D1583,CAV,0.3,158.34848178,0.034,0.034,CB06,CAV_B08,LS1,D1583,CAV6,b08 cavity
DRIFT,DRIFT,0.097688,158.54732578,0.034,0.034,NONE,NONE,NONE,NONE,NONE,bellow
LS1_CB06:CAV7_D1587,CAV,0.3,158.74616978,0.034,0.034,CB06,CAV_B08,LS1,D1587,CAV7,b08 cavity
LS1_CB06:BLM_D1589,BLM,0.0,158.89525528,0.034,0.034,CB06,NONE,LS1,NONE,BLM,outside loss monitor
DRIFT,DRIFT,0.09559534,158.9444247,0.034,0.034,NONE,NONE,NONE,NONE,NONE,bellow
LS1_CB06:BPM_D1590,BPM,0.0,158.99176512,0.04,0.04,CB06,BPM6,LS1,D1590,BPM,"position monitor, BPMc"
DRIFT,DRIFT,0.05588,159.01970512,0.04,0.04,NONE,NONE,NONE,NONE,NONE,BPM-box
DRIFT,DRIFT,0.076136,159.08571312,0.04,0.04,NONE,NONE,NONE,NONE,NONE,solenoid-entry
LS1_CB06:SOL3_D1594,SOLCOR,0.5,159.37378112,0.04,0.04,CB06,SOL_S2,LS1,D1594,SOL3,solenoid+correctors
LS1_CB06:DCH_D1594,HCOR,0.0,159.37378112,0.04,0.04,CB06,S2,LS1,D1594,DCH,horiz. corrector magnet
LS1_CB06:DCV_D1594,VCOR,0.0,159.37378112,0.04,0.04,CB06,S2,LS1,D1594,DCV,vert. corrector magnet
DRIFT,DRIFT,0.076136,159.66184912,0.04,0.04,NONE,NONE,NONE,NONE,NONE,solenoid-exit
DRIFT,DRIFT,0.0986025,159.74876112,0.04,0.04,NONE,NONE,NONE,NONE,NONE,bellow
LS1_CB06:CAV8_D1599,CAV,0.3,159.94851962,0.034,0.034,CB06,CAV_B08,LS1,D1599,CAV8,b08 cavity
DRIFT,DRIFT,0.1753115,160.18663262,0.034,0.034,NONE,NONE,NONE,NONE,NONE,bellows
LS1_CB06:GV_D1603,VALVE,0.072,160.30983112,0.04,0.04,CB06,NONE,LS1,NONE,GV,gate valve
DRIFT,DRIFT,0.116,160.40383112,0.04,0.04,NONE,NONE,NONE,NONE,NONE,bellow
LS1_WB06:BPM_D1605,BPM,0.0,160.46183112,0.04,0.04,WB06,BPM2,LS1,D1605,BPM,position monitor
DRIFT,DRIFT,0.074,160.49883112,0.04,0.04,NONE,NONE,NONE,NONE,NONE,diagnostic box
LS1_WB06:PORT_D1605,PORT,0.0,160.53583112,0.04,0.04,WB06,,LS1,NONE,PORT,port for future diagnostics
DRIFT,DRIFT,0.091,160.58133112,0.04,0.04,NONE,NONE,NONE,NONE,NONE,diagnostic box
LS1_WB06:PORT_D1606,PORT,0.0,160.62683112,0.04,0.04,WB06,IP_S,LS1,NONE,PORT,"pump, 65 l/s"
DRIFT,DRIFT,0.099,160.67633112,0.04,0.04,NONE,NONE,NONE,NONE,NONE,bellow
LS1_CB07:GV_D1608,VALVE,0.072,160.76183112,0.04,0.04,CB07,NONE,LS1,NONE,GV,gate valve
DRIFT,DRIFT,0.1753115,160.88502962,0.04,0.04,NONE,NONE,NONE,NONE,NONE,bellows
LS1_CB07:CAV1_D1611,CAV,0.3,161.12314262,0.034,0.034,CB07,CAV_B08,LS1,D1611,CAV1,b08 cavity
LS1_CB07:BLM_D1613,BLM,0.0,161.27222812,0.034,0.034,CB07,NONE,LS1,NONE,BLM,outside loss monitor
DRIFT,DRIFT,0.09559534,161.32139754,0.04,0.04,NONE,NONE,NONE,NONE,NONE,bellow
LS1_CB07:BPM_D1614,BPM,0.0,161.36873796,0.04,0.04,CB07,BPM6,LS1,D1614,BPM,"position monitor, BPMc"
DRIFT,DRIFT,0.05588,161.39667796,0.04,0.04,NONE,NONE,NONE,NONE,NONE,BPM-box
DRIFT,DRIFT,0.076136,161.46268596,0.04,0.04,NONE,NONE,NONE,NONE,NONE,solenoid-entry
LS1_CB07:SOL1_D1618,SOLCOR,0.5,161.75075396,0.04,0.04,CB07,SOL_S2,LS1,D1618,SOL1,solenoid+correctors
LS1_CB07:DCH_D1618,HCOR,0.0,161.75075396,0.04,0.04,CB07,S2,LS1,D1618,DCH,horiz. corrector magnet
LS1_CB07:DCV_D1618,VCOR,0.0,161.75075396,0.04,0.04,CB07,S2,LS1,D1618,DCV,vert. corrector magnet
DRIFT,DRIFT,0.076136,162.03882196,0.04,0.04,NONE,NONE,NONE,NONE,NONE,solenoid-exit
DRIFT,DRIFT,0.0986025,162.12573396,0.04,0.04,NONE,NONE,NONE,NONE,NONE,bellow
LS1_CB07:CAV2_D1623,CAV,0.3,162.32549246,0.034,0.034,CB07,CAV_B08,LS1,D1623,CAV2,b08 cavity
DRIFT,DRIFT,0.097688,162.52433646,0.034,0.034,NONE,NONE,NONE,NONE,NONE,bellow
LS1_CB07:CAV3_D1627,CAV,0.3,162.72318046,0.034,0.034,CB07,CAV_B08,LS1,D1627,CAV3,b08 cavity
DRIFT,DRIFT,0.097688,162.92202446,0.034,0.034,NONE,NONE,NONE,NONE,NONE,bellow
LS1_CB07:CAV4_D1631,CAV,0.3,163.12086846,0.034,0.034,CB07,CAV_B08,LS1,D1631,CAV4,b08 cavity
LS1_CB07:BLM_D1633,BLM,0.0,163.26995396,0.034,0.034,CB07,NONE,LS1,NONE,BLM,outside loss monitor
DRIFT,DRIFT,0.09559534,163.31912338,0.034,0.034,NONE,NONE,NONE,NONE,NONE,bellow
LS1_CB07:BPM_D1634,BPM,0.0,163.3664638,0.04,0.04,CB07,BPM6,LS1,D1634,BPM,"position monitor, BPMc"
DRIFT,DRIFT,0.05588,163.3944038,0.04,0.04,NONE,NONE,NONE,NONE,NONE,BPM-box
DRIFT,DRIFT,0.076136,163.4604118,0.04,0.04,NONE,NONE,NONE,NONE,NONE,solenoid-entry
LS1_CB07:SOL2_D1637,SOLCOR,0.5,163.7484798,0.04,0.04,CB07,SOL_S2,LS1,D1637,SOL2,solenoid+correctors
LS1_CB07:DCH_D1637,HCOR,0.0,163.7484798,0.04,0.04,CB07,S2,LS1,D1637,DCH,horiz. corrector magnet
LS1_CB07:DCV_D1637,VCOR,0.0,163.7484798,0.04,0.04,CB07,S2,LS1,D1637,DCV,vert. corrector magnet
DRIFT,DRIFT,0.076136,164.0365478,0.04,0.04,NONE,NONE,NONE,NONE,NONE,solenoid-exit
DRIFT,DRIFT,0.0986025,164.1234598,0.04,0.04,NONE,NONE,NONE,NONE,NONE,bellow
LS1_CB07:CAV5_D1643,CAV,0.3,164.3232183,0.034,0.034,CB07,CAV_B08,LS1,D1643,CAV5,b08 cavity
DRIFT,DRIFT,0.097688,164.5220623,0.034,0.034,NONE,NONE,NONE,NONE,NONE,bellow
LS1_CB07:CAV6_D1647,CAV,0.3,164.7209063,0.034,0.034,CB07,CAV_B08,LS1,D1647,CAV6,b08 cavity
DRIFT,DRIFT,0.097688,164.9197503,0.034,0.034,NONE,NONE,NONE,NONE,NONE,bellow
LS1_CB07:CAV7_D1651,CAV,0.3,165.1185943,0.034,0.034,CB07,CAV_B08,LS1,D1651,CAV7,b08 cavity
LS1_CB07:BLM_D1653,BLM,0.0,165.2676798,0.034,0.034,CB07,NONE,LS1,NONE,BLM,outside loss monitor
DRIFT,DRIFT,0.09559534,165.31684922,0.034,0.034,NONE,NONE,NONE,NONE,NONE,bellow
LS1_CB07:BPM_D1654,BPM,0.0,165.36418964,0.04,0.04,CB07,BPM6,LS1,D1654,BPM,"position monitor, BPMc"
DRIFT,DRIFT,0.05588,165.39212964,0.04,0.04,NONE,NONE,NONE,NONE,NONE,BPM-box
DRIFT,DRIFT,0.076136,165.45813764,0.04,0.04,NONE,NONE,NONE,NONE,NONE,solenoid-entry
LS1_CB07:SOL3_D1657,SOLCOR,0.5,165.74620564,0.04,0.04,CB07,SOL_S2,LS1,D1657,SOL3,solenoid+correctors
LS1_CB07:DCH_D1657,HCOR,0.0,165.74620564,0.04,0.04,CB07,S2,LS1,D1657,DCH,horiz. corrector magnet
LS1_CB07:DCV_D1657,VCOR,0.0,165.74620564,0.04,0.04,CB07,S2,LS1,D1657,DCV,vert. corrector magnet
DRIFT,DRIFT,0.076136,166.03427364,0.04,0.04,NONE,NONE,NONE,NONE,NONE,solenoid-exit
DRIFT,DRIFT,0.0986025,166.12118564,0.04,0.04,NONE,NONE,NONE,NONE,NONE,bellow
LS1_CB07:CAV8_D1663,CAV,0.3,166.32094414,0.034,0.034,CB07,CAV_B08,LS1,D1663,CAV8,b08 cavity
DRIFT,DRIFT,0.1753115,166.55905714,0.034,0.034,NONE,NONE,NONE,NONE,NONE,bellows
LS1_CB07:GV_D1667,VALVE,0.072,166.68225564,0.04,0.04,CB07,NONE,LS1,NONE,GV,gate valve
DRIFT,DRIFT,0.116,166.77625564,0.04,0.04,NONE,NONE,NONE,NONE,NONE,bellow
LS1_WB07:BPM_D1668,BPM,0.0,166.83425564,0.04,0.04,WB07,BPM2,LS1,D1668,BPM,position monitor
DRIFT,DRIFT,0.074,166.87125564,0.04,0.04,NONE,NONE,NONE,NONE,NONE,diagnostic box
LS1_WB07:PORT_D1669,PORT,0.0,166.90825564,0.04,0.04,WB07,,LS1,NONE,PORT,port for future diagnostics
DRIFT,DRIFT,0.091,166.95375564,0.04,0.04,NONE,NONE,NONE,NONE,NONE,diagnostic box
LS1_WB07:PORT_D1670,PORT,0.0,166.99925564,0.04,0.04,WB07,IP_S,LS1,NONE,PORT,"pump, 65 l/s"
DRIFT,DRIFT,0.099,167.04875564,0.04,0.04,NONE,NONE,NONE,NONE,NONE,bellow
LS1_CB08:GV_D1671,VALVE,0.072,167.13425564,0.04,0.04,CB08,NONE,LS1,NONE,GV,gate valve
DRIFT,DRIFT,0.1753115,167.25745414,0.04,0.04,NONE,NONE,NONE,NONE,NONE,bellows
LS1_CB08:CAV1_D1675,CAV,0.3,167.49556714,0.034,0.034,CB08,CAV_B08,LS1,D1675,CAV1,b08 cavity
LS1_CB08:BLM_D1676,BLM,0.0,167.64465264,0.034,0.034,CB08,NONE,LS1,NONE,BLM,outside loss monitor
DRIFT,DRIFT,0.09559534,167.69382206,0.04,0.04,NONE,NONE,NONE,NONE,NONE,bellow
LS1_CB08:BPM_D1677,BPM,0.0,167.74116248,0.04,0.04,CB08,BPM6,LS1,D1677,BPM,"position monitor, BPMc"
DRIFT,DRIFT,0.05588,167.76910248,0.04,0.04,NONE,NONE,NONE,NONE,NONE,BPM-box
DRIFT,DRIFT,0.076136,167.83511048,0.04,0.04,NONE,NONE,NONE,NONE,NONE,solenoid-entry
LS1_CB08:SOL1_D1681,SOLCOR,0.5,168.12317848,0.04,0.04,CB08,SOL_S2,LS1,D1681,SOL1,solenoid+correctors
LS1_CB08:DCH_D1681,HCOR,0.0,168.12317848,0.04,0.04,CB08,S2,LS1,D1681,DCH,horiz. corrector magnet
LS1_CB08:DCV_D1681,VCOR,0.0,168.12317848,0.04,0.04,CB08,S2,LS1,D1681,DCV,vert. corrector magnet
DRIFT,DRIFT,0.076136,168.41124648,0.04,0.04,NONE,NONE,NONE,NONE,NONE,solenoid-exit
DRIFT,DRIFT,0.0986025,168.49815848,0.04,0.04,NONE,NONE,NONE,NONE,NONE,bellow
LS1_CB08:CAV2_D1687,CAV,0.3,168.69791698,0.034,0.034,CB08,CAV_B08,LS1,D1687,CAV2,b08 cavity
DRIFT,DRIFT,0.097688,168.89676098,0.034,0.034,NONE,NONE,NONE,NONE,NONE,bellow
LS1_CB08:CAV3_D1691,CAV,0.3,169.09560498,0.034,0.034,CB08,CAV_B08,LS1,D1691,CAV3,b08 cavity
DRIFT,DRIFT,0.097688,169.29444898,0.034,0.034,NONE,NONE,NONE,NONE,NONE,bellow
LS1_CB08:CAV4_D1695,CAV,0.3,169.49329298,0.034,0.034,CB08,CAV_B08,LS1,D1695,CAV4,b08 cavity
LS1_CB08:BLM_D1696,BLM,0.0,169.64237848,0.034,0.034,CB08,NONE,LS1,NONE,BLM,outside loss monitor
DRIFT,DRIFT,0.09559534,169.6915479,0.034,0.034,NONE,NONE,NONE,NONE,NONE,bellow
LS1_CB08:BPM_D1697,BPM,0.0,169.73888832,0.04,0.04,CB08,BPM6,LS1,D1697,BPM,"position monitor, BPMc"
DRIFT,DRIFT,0.05588,169.76682832,0.04,0.04,NONE,NONE,NONE,NONE,NONE,BPM-box
DRIFT,DRIFT,0.076136,169.83283632,0.04,0.04,NONE,NONE,NONE,NONE,NONE,solenoid-entry
LS1_CB08:SOL2_D1701,SOLCOR,0.5,170.12090432,0.04,0.04,CB08,SOL_S2,LS1,D1701,SOL2,solenoid+correctors
LS1_CB08:DCH_D1701,HCOR,0.0,170.12090432,0.04,0.04,CB08,S2,LS1,D1701,DCH,horiz. corrector magnet
LS1_CB08:DCV_D1701,VCOR,0.0,170.12090432,0.04,0.04,CB08,S2,LS1,D1701,DCV,vert. corrector magnet
DRIFT,DRIFT,0.076136,170.40897232,0.04,0.04,NONE,NONE,NONE,NONE,NONE,solenoid-exit
DRIFT,DRIFT,0.0986025,170.49588432,0.04,0.04,NONE,NONE,NONE,NONE,NONE,bellow
LS1_CB08:CAV5_D1707,CAV,0.3,170.69564282,0.034,0.034,CB08,CAV_B08,LS1,D1707,CAV5,b08 cavity
DRIFT,DRIFT,0.097688,170.89448682,0.034,0.034,NONE,NONE,NONE,NONE,NONE,bellow
LS1_CB08:CAV6_D1711,CAV,0.3,171.09333082,0.034,0.034,CB08,CAV_B08,LS1,D1711,CAV6,b08 cavity
DRIFT,DRIFT,0.097688,171.29217482,0.034,0.034,NONE,NONE,NONE,NONE,NONE,bellow
LS1_CB08:CAV7_D1715,CAV,0.3,171.49101882,0.034,0.034,CB08,CAV_B08,LS1,D1715,CAV7,b08 cavity
LS1_CB08:BLM_D1716,BLM,0.0,171.64010432,0.034,0.034,CB08,NONE,LS1,NONE,BLM,outside loss monitor
DRIFT,DRIFT,0.09559534,171.68927374,0.034,0.034,NONE,NONE,NONE,NONE,NONE,bellow
LS1_CB08:BPM_D1717,BPM,0.0,171.73661416,0.04,0.04,CB08,BPM6,LS1,D1717,BPM,"position monitor, BPMc"
DRIFT,DRIFT,0.05588,171.76455416,0.04,0.04,NONE,NONE,NONE,NONE,NONE,BPM-box
DRIFT,DRIFT,0.076136,171.83056216,0.04,0.04,NONE,NONE,NONE,NONE,NONE,solenoid-entry
LS1_CB08:SOL3_D1721,SOLCOR,0.5,172.11863016,0.04,0.04,CB08,SOL_S2,LS1,D1721,SOL3,solenoid+correctors
LS1_CB08:DCH_D1721,HCOR,0.0,172.11863016,0.04,0.04,CB08,S2,LS1,D1721,DCH,horiz. corrector magnet
LS1_CB08:DCV_D1721,VCOR,0.0,172.11863016,0.04,0.04,CB08,S2,LS1,D1721,DCV,vert. corrector magnet
DRIFT,DRIFT,0.076136,172.40669816,0.04,0.04,NONE,NONE,NONE,NONE,NONE,solenoid-exit
DRIFT,DRIFT,0.0986025,172.49361016,0.04,0.04,NONE,NONE,NONE,NONE,NONE,bellow
LS1_CB08:CAV8_D1727,CAV,0.3,172.69336866,0.034,0.034,CB08,CAV_B08,LS1,D1727,CAV8,b08 cavity
DRIFT,DRIFT,0.1753115,172.93148166,0.034,0.034,NONE,NONE,NONE,NONE,NONE,bellows
LS1_CB08:GV_D1731,VALVE,0.072,173.05468016,0.04,0.04,CB08,NONE,LS1,NONE,GV,gate valve
DRIFT,DRIFT,0.116,173.14868016,0.04,0.04,NONE,NONE,NONE,NONE,NONE,bellow
LS1_WB08:BPM_D1732,BPM,0.0,173.20668016,0.04,0.04,WB08,BPM2,LS1,D1732,BPM,position monitor
DRIFT,DRIFT,0.074,173.24368016,0.04,0.04,NONE,NONE,NONE,NONE,NONE,diagnostic box
LS1_WB08:PORT_D1733,PORT,0.0,173.28068016,0.04,0.04,WB08,,LS1,NONE,PORT,port for future diagnostics
DRIFT,DRIFT,0.091,173.32618016,0.04,0.04,NONE,NONE,NONE,NONE,NONE,diagnostic box
LS1_WB08:PORT_D1734,PORT,0.0,173.37168016,0.04,0.04,WB08,IP_S,LS1,NONE,PORT,"pump, 65 l/s"
DRIFT,DRIFT,0.099,173.42118016,0.04,0.04,NONE,NONE,NONE,NONE,NONE,bellow
LS1_CB09:GV_D1735,VALVE,0.072,173.50668016,0.04,0.04,CB09,NONE,LS1,NONE,GV,gate valve
DRIFT,DRIFT,0.1753115,173.62987866,0.04,0.04,NONE,NONE,NONE,NONE,NONE,bellows
LS1_CB09:CAV1_D1739,CAV,0.3,173.86799166,0.034,0.034,CB09,CAV_B08,LS1,D1739,CAV1,b08 cavity
LS1_CB09:BLM_D1740,BLM,0.0,174.01707716,0.034,0.034,CB09,NONE,LS1,NONE,BLM,outside loss monitor
DRIFT,DRIFT,0.09559534,174.06624658,0.04,0.04,NONE,NONE,NONE,NONE,NONE,bellow
LS1_CB09:BPM_D1741,BPM,0.0,174.113587,0.04,0.04,CB09,BPM6,LS1,D1741,BPM,"position monitor, BPMc"
DRIFT,DRIFT,0.05588,174.141527,0.04,0.04,NONE,NONE,NONE,NONE,NONE,BPM-box
DRIFT,DRIFT,0.076136,174.207535,0.04,0.04,NONE,NONE,NONE,NONE,NONE,solenoid-entry
LS1_CB09:SOL1_D1745,SOLCOR,0.5,174.495603,0.04,0.04,CB09,SOL_S2,LS1,D1745,SOL1,solenoid+correctors
LS1_CB09:DCH_D1745,HCOR,0.0,174.495603,0.04,0.04,CB09,S2,LS1,D1745,DCH,horiz. corrector magnet
LS1_CB09:DCV_D1745,VCOR,0.0,174.495603,0.04,0.04,CB09,S2,LS1,D1745,DCV,vert. corrector magnet
DRIFT,DRIFT,0.076136,174.783671,0.04,0.04,NONE,NONE,NONE,NONE,NONE,solenoid-exit
DRIFT,DRIFT,0.0986025,174.870583,0.04,0.04,NONE,NONE,NONE,NONE,NONE,bellow
LS1_CB09:CAV2_D1751,CAV,0.3,175.0703415,0.034,0.034,CB09,CAV_B08,LS1,D1751,CAV2,b08 cavity
DRIFT,DRIFT,0.097688,175.2691855,0.034,0.034,NONE,NONE,NONE,NONE,NONE,bellow
LS1_CB09:CAV3_D1755,CAV,0.3,175.4680295,0.034,0.034,CB09,CAV_B08,LS1,D1755,CAV3,b08 cavity
DRIFT,DRIFT,0.097688,175.6668735,0.034,0.034,NONE,NONE,NONE,NONE,NONE,bellow
LS1_CB09:CAV4_D1759,CAV,0.3,175.8657175,0.034,0.034,CB09,CAV_B08,LS1,D1759,CAV4,b08 cavity
LS1_CB09:BLM_D1760,BLM,0.0,176.014803,0.034,0.034,CB09,NONE,LS1,NONE,BLM,outside loss monitor
DRIFT,DRIFT,0.09559534,176.06397242,0.034,0.034,NONE,NONE,NONE,NONE,NONE,bellow
LS1_CB09:BPM_D1761,BPM,0.0,176.11131284,0.04,0.04,CB09,BPM6,LS1,D1761,BPM,"position monitor, BPMc"
DRIFT,DRIFT,0.05588,176.13925284,0.04,0.04,NONE,NONE,NONE,NONE,NONE,BPM-box
DRIFT,DRIFT,0.076136,176.20526084,0.04,0.04,NONE,NONE,NONE,NONE,NONE,solenoid-entry
LS1_CB09:SOL2_D1765,SOLCOR,0.5,176.49332884,0.04,0.04,CB09,SOL_S2,LS1,D1765,SOL2,solenoid+correctors
LS1_CB09:DCH_D1765,HCOR,0.0,176.49332884,0.04,0.04,CB09,S2,LS1,D1765,DCH,horiz. corrector magnet
LS1_CB09:DCV_D1765,VCOR,0.0,176.49332884,0.04,0.04,CB09,S2,LS1,D1765,DCV,vert. corrector magnet
DRIFT,DRIFT,0.076136,176.78139684,0.04,0.04,NONE,NONE,NONE,NONE,NONE,solenoid-exit
DRIFT,DRIFT,0.0986025,176.86830884,0.04,0.04,NONE,NONE,NONE,NONE,NONE,bellow
LS1_CB09:CAV5_D1771,CAV,0.3,177.06806734,0.034,0.034,CB09,CAV_B08,LS1,D1771,CAV5,b08 cavity
DRIFT,DRIFT,0.097688,177.26691134,0.034,0.034,NONE,NONE,NONE,NONE,NONE,bellow
LS1_CB09:CAV6_D1775,CAV,0.3,177.46575534,0.034,0.034,CB09,CAV_B08,LS1,D1775,CAV6,b08 cavity
DRIFT,DRIFT,0.097688,177.66459934,0.034,0.034,NONE,NONE,NONE,NONE,NONE,bellow
LS1_CB09:CAV7_D1779,CAV,0.3,177.86344334,0.034,0.034,CB09,CAV_B08,LS1,D1779,CAV7,b08 cavity
LS1_CB09:BLM_D1780,BLM,0.0,178.01252884,0.034,0.034,CB09,NONE,LS1,NONE,BLM,outside loss monitor
DRIFT,DRIFT,0.09559534,178.06169826,0.034,0.034,NONE,NONE,NONE,NONE,NONE,bellow
LS1_CB09:BPM_D1781,BPM,0.0,178.10903868,0.04,0.04,CB09,BPM6,LS1,D1781,BPM,"position monitor, BPMc"
DRIFT,DRIFT,0.05588,178.13697868,0.04,0.04,NONE,NONE,NONE,NONE,NONE,BPM-box
DRIFT,DRIFT,0.076136,178.20298668,0.04,0.04,NONE,NONE,NONE,NONE,NONE,solenoid-entry
LS1_CB09:SOL3_D1785,SOLCOR,0.5,178.49105468,0.04,0.04,CB09,SOL_S2,LS1,D1785,SOL3,solenoid+correctors
LS1_CB09:DCH_D1785,HCOR,0.0,178.49105468,0.04,0.04,CB09,S2,LS1,D1785,DCH,horiz. corrector magnet
LS1_CB09:DCV_D1785,VCOR,0.0,178.49105468,0.04,0.04,CB09,S2,LS1,D1785,DCV,vert. corrector magnet
DRIFT,DRIFT,0.076136,178.77912268,0.04,0.04,NONE,NONE,NONE,NONE,NONE,solenoid-exit
DRIFT,DRIFT,0.0986025,178.86603468,0.04,0.04,NONE,NONE,NONE,NONE,NONE,bellow
LS1_CB09:CAV8_D1791,CAV,0.3,179.06579318,0.034,0.034,CB09,CAV_B08,LS1,D1791,CAV8,b08 cavity
DRIFT,DRIFT,0.1753115,179.30390618,0.034,0.034,NONE,NONE,NONE,NONE,NONE,bellows
LS1_CB09:GV_D1794,VALVE,0.072,179.42710468,0.04,0.04,CB09,NONE,LS1,NONE,GV,gate valve
DRIFT,DRIFT,0.116,179.52110468,0.04,0.04,NONE,NONE,NONE,NONE,NONE,bellow
LS1_WB09:BPM_D1796,BPM,0.0,179.57910468,0.04,0.04,WB09,BPM2,LS1,D1796,BPM,position monitor
DRIFT,DRIFT,0.074,179.61610468,0.04,0.04,NONE,NONE,NONE,NONE,NONE,diagnostic box
LS1_WB09:PORT_D1797,PORT,0.0,179.65310468,0.04,0.04,WB09,,LS1,NONE,PORT,port for future diagnostics
DRIFT,DRIFT,0.091,179.69860468,0.04,0.04,NONE,NONE,NONE,NONE,NONE,diagnostic box
LS1_WB09:PORT_D1797,PORT,0.0,179.74410468,0.04,0.04,WB09,IP_S,LS1,NONE,PORT,"pump, 65 l/s"
DRIFT,DRIFT,0.099,179.79360468,0.04,0.04,NONE,NONE,NONE,NONE,NONE,bellow
LS1_CB10:GV_D1799,VALVE,0.072,179.87910468,0.04,0.04,CB10,NONE,LS1,NONE,GV,gate valve
DRIFT,DRIFT,0.1753115,180.00230318,0.04,0.04,NONE,NONE,NONE,NONE,NONE,bellows
LS1_CB10:CAV1_D1802,CAV,0.3,180.24041618,0.034,0.034,CB10,CAV_B08,LS1,D1802,CAV1,b08 cavity
LS1_CB10:BLM_D1804,BLM,0.0,180.38950168,0.034,0.034,CB10,NONE,LS1,NONE,BLM,outside loss monitor
DRIFT,DRIFT,0.09559534,180.4386711,0.04,0.04,NONE,NONE,NONE,NONE,NONE,bellow
LS1_CB10:BPM_D1805,BPM,0.0,180.48601152,0.04,0.04,CB10,BPM6,LS1,D1805,BPM,"position monitor, BPMc"
DRIFT,DRIFT,0.05588,180.51395152,0.04,0.04,NONE,NONE,NONE,NONE,NONE,BPM-box
DRIFT,DRIFT,0.076136,180.57995952,0.04,0.04,NONE,NONE,NONE,NONE,NONE,solenoid-entry
LS1_CB10:SOL1_D1809,SOLCOR,0.5,180.86802752,0.04,0.04,CB10,SOL_S2,LS1,D1809,SOL1,solenoid+correctors
LS1_CB10:DCH_D1809,HCOR,0.0,180.86802752,0.04,0.04,CB10,S2,LS1,D1809,DCH,horiz. corrector magnet
LS1_CB10:DCV_D1809,VCOR,0.0,180.86802752,0.04,0.04,CB10,S2,LS1,D1809,DCV,vert. corrector magnet
DRIFT,DRIFT,0.076136,181.15609552,0.04,0.04,NONE,NONE,NONE,NONE,NONE,solenoid-exit
DRIFT,DRIFT,0.0986025,181.24300752,0.04,0.04,NONE,NONE,NONE,NONE,NONE,bellow
LS1_CB10:CAV2_D1814,CAV,0.3,181.44276602,0.034,0.034,CB10,CAV_B08,LS1,D1814,CAV2,b08 cavity
DRIFT,DRIFT,0.097688,181.64161002,0.034,0.034,NONE,NONE,NONE,NONE,NONE,bellow
LS1_CB10:CAV3_D1818,CAV,0.3,181.84045402,0.034,0.034,CB10,CAV_B08,LS1,D1818,CAV3,b08 cavity
DRIFT,DRIFT,0.097688,182.03929802,0.034,0.034,NONE,NONE,NONE,NONE,NONE,bellow
LS1_CB10:CAV4_D1822,CAV,0.3,182.23814202,0.034,0.034,CB10,CAV_B08,LS1,D1822,CAV4,b08 cavity
LS1_CB10:BLM_D1824,BLM,0.0,182.38722752,0.034,0.034,CB10,NONE,LS1,NONE,BLM,outside loss monitor
DRIFT,DRIFT,0.09559534,182.43639694,0.034,0.034,NONE,NONE,NONE,NONE,NONE,bellow
LS1_CB10:BPM_D1825,BPM,0.0,182.48373736,0.04,0.04,CB10,BPM6,LS1,D1825,BPM,"position monitor, BPMc"
DRIFT,DRIFT,0.05588,182.51167736,0.04,0.04,NONE,NONE,NONE,NONE,NONE,BPM-box
DRIFT,DRIFT,0.076136,182.57768536,0.04,0.04,NONE,NONE,NONE,NONE,NONE,solenoid-entry
LS1_CB10:SOL2_D1829,SOLCOR,0.5,182.86575336,0.04,0.04,CB10,SOL_S2,LS1,D1829,SOL2,solenoid+correctors
LS1_CB10:DCH_D1829,HCOR,0.0,182.86575336,0.04,0.04,CB10,S2,LS1,D1829,DCH,horiz. corrector magnet
LS1_CB10:DCV_D1829,VCOR,0.0,182.86575336,0.04,0.04,CB10,S2,LS1,D1829,DCV,vert. corrector magnet
DRIFT,DRIFT,0.076136,183.15382136,0.04,0.04,NONE,NONE,NONE,NONE,NONE,solenoid-exit
DRIFT,DRIFT,0.0986025,183.24073336,0.04,0.04,NONE,NONE,NONE,NONE,NONE,bellow
LS1_CB10:CAV5_D1834,CAV,0.3,183.44049186,0.034,0.034,CB10,CAV_B08,LS1,D1834,CAV5,b08 cavity
DRIFT,DRIFT,0.097688,183.63933586,0.034,0.034,NONE,NONE,NONE,NONE,NONE,bellow
LS1_CB10:CAV6_D1838,CAV,0.3,183.83817986,0.034,0.034,CB10,CAV_B08,LS1,D1838,CAV6,b08 cavity
DRIFT,DRIFT,0.097688,184.03702386,0.034,0.034,NONE,NONE,NONE,NONE,NONE,bellow
LS1_CB10:CAV7_D1842,CAV,0.3,184.23586786,0.034,0.034,CB10,CAV_B08,LS1,D1842,CAV7,b08 cavity
LS1_CB10:BLM_D1844,BLM,0.0,184.38495336,0.034,0.034,CB10,NONE,LS1,NONE,BLM,outside loss monitor
DRIFT,DRIFT,0.09559534,184.43412278,0.034,0.034,NONE,NONE,NONE,NONE,NONE,bellow
LS1_CB10:BPM_D1845,BPM,0.0,184.4814632,0.04,0.04,CB10,BPM6,LS1,D1845,BPM,"position monitor, BPMc"
DRIFT,DRIFT,0.05588,184.5094032,0.04,0.04,NONE,NONE,NONE,NONE,NONE,BPM-box
DRIFT,DRIFT,0.076136,184.5754112,0.04,0.04,NONE,NONE,NONE,NONE,NONE,solenoid-entry
LS1_CB10:SOL3_D1849,SOLCOR,0.5,184.8634792,0.04,0.04,CB10,SOL_S2,LS1,D1849,SOL3,solenoid+correctors
LS1_CB10:DCH_D1849,HCOR,0.0,184.8634792,0.04,0.04,CB10,S2,LS1,D1849,DCH,horiz. corrector magnet
LS1_CB10:DCV_D1849,VCOR,0.0,184.8634792,0.04,0.04,CB10,S2,LS1,D1849,DCV,vert. corrector magnet
DRIFT,DRIFT,0.076136,185.1515472,0.04,0.04,NONE,NONE,NONE,NONE,NONE,solenoid-exit
DRIFT,DRIFT,0.0986025,185.2384592,0.04,0.04,NONE,NONE,NONE,NONE,NONE,bellow
LS1_CB10:CAV8_D1854,CAV,0.3,185.4382177,0.034,0.034,CB10,CAV_B08,LS1,D1854,CAV8,b08 cavity
DRIFT,DRIFT,0.1753115,185.6763307,0.034,0.034,NONE,NONE,NONE,NONE,NONE,bellows
LS1_CB10:GV_D1858,VALVE,0.072,185.7995292,0.04,0.04,CB10,NONE,LS1,NONE,GV,gate valve
DRIFT,DRIFT,0.116,185.8935292,0.04,0.04,NONE,NONE,NONE,NONE,NONE,bellow
LS1_WB10:BPM_D1860,BPM,0.0,185.9515292,0.04,0.04,WB10,BPM2,LS1,D1860,BPM,position monitor
DRIFT,DRIFT,0.074,185.9885292,0.04,0.04,NONE,NONE,NONE,NONE,NONE,diagnostic box
LS1_WB10:PORT_D1860,PORT,0.0,186.0255292,0.04,0.04,WB10,,LS1,NONE,PORT,port for future diagnostics
DRIFT,DRIFT,0.091,186.0710292,0.04,0.04,NONE,NONE,NONE,NONE,NONE,diagnostic box
LS1_WB10:PORT_D1861,PORT,0.0,186.1165292,0.04,0.04,WB10,IP_S,LS1,NONE,PORT,"pump, 65 l/s"
DRIFT,DRIFT,0.099,186.1660292,0.04,0.04,NONE,NONE,NONE,NONE,NONE,bellow
LS1_CB11:GV_D1863,VALVE,0.072,186.2515292,0.04,0.04,CB11,NONE,LS1,NONE,GV,gate valve
DRIFT,DRIFT,0.1753115,186.3747277,0.04,0.04,NONE,NONE,NONE,NONE,NONE,bellows
LS1_CB11:CAV1_D1866,CAV,0.3,186.6128407,0.034,0.034,CB11,CAV_B08,LS1,D1866,CAV1,b08 cavity
LS1_CB11:BLM_D1868,BLM,0.0,186.7619262,0.034,0.034,CB11,NONE,LS1,NONE,BLM,outside loss monitor
DRIFT,DRIFT,0.09559534,186.81109562,0.04,0.04,NONE,NONE,NONE,NONE,NONE,bellow
LS1_CB11:BPM_D1869,BPM,0.0,186.85843604,0.04,0.04,CB11,BPM6,LS1,D1869,BPM,"position monitor, BPMc"
DRIFT,DRIFT,0.05588,186.88637604,0.04,0.04,NONE,NONE,NONE,NONE,NONE,BPM-box
DRIFT,DRIFT,0.076136,186.95238404,0.04,0.04,NONE,NONE,NONE,NONE,NONE,solenoid-entry
LS1_CB11:SOL1_D1872,SOLCOR,0.5,187.24045204,0.04,0.04,CB11,SOL_S2,LS1,D1872,SOL1,solenoid+correctors
LS1_CB11:DCH_D1872,HCOR,0.0,187.24045204,0.04,0.04,CB11,S2,LS1,D1872,DCH,horiz. corrector magnet
LS1_CB11:DCV_D1872,VCOR,0.0,187.24045204,0.04,0.04,CB11,S2,LS1,D1872,DCV,vert. corrector magnet
DRIFT,DRIFT,0.076136,187.52852004,0.04,0.04,NONE,NONE,NONE,NONE,NONE,solenoid-exit
DRIFT,DRIFT,0.0986025,187.61543204,0.04,0.04,NONE,NONE,NONE,NONE,NONE,bellow
LS1_CB11:CAV2_D1878,CAV,0.3,187.81519054,0.034,0.034,CB11,CAV_B08,LS1,D1878,CAV2,b08 cavity
DRIFT,DRIFT,0.097688,188.01403454,0.034,0.034,NONE,NONE,NONE,NONE,NONE,bellow
LS1_CB11:CAV3_D1882,CAV,0.3,188.21287854,0.034,0.034,CB11,CAV_B08,LS1,D1882,CAV3,b08 cavity
DRIFT,DRIFT,0.097688,188.41172254,0.034,0.034,NONE,NONE,NONE,NONE,NONE,bellow
LS1_CB11:CAV4_D1886,CAV,0.3,188.61056654,0.034,0.034,CB11,CAV_B08,LS1,D1886,CAV4,b08 cavity
LS1_CB11:BLM_D1888,BLM,0.0,188.75965204,0.034,0.034,CB11,NONE,LS1,NONE,BLM,outside loss monitor
DRIFT,DRIFT,0.09559534,188.80882146,0.034,0.034,NONE,NONE,NONE,NONE,NONE,bellow
LS1_CB11:BPM_D1889,BPM,0.0,188.85616188,0.04,0.04,CB11,BPM6,LS1,D1889,BPM,"position monitor, BPMc"
DRIFT,DRIFT,0.05588,188.88410188,0.04,0.04,NONE,NONE,NONE,NONE,NONE,BPM-box
DRIFT,DRIFT,0.076136,188.95010988,0.04,0.04,NONE,NONE,NONE,NONE,NONE,solenoid-entry
LS1_CB11:SOL2_D1892,SOLCOR,0.5,189.23817788,0.04,0.04,CB11,SOL_S2,LS1,D1892,SOL2,solenoid+correctors
LS1_CB11:DCH_D1892,HCOR,0.0,189.23817788,0.04,0.04,CB11,S2,LS1,D1892,DCH,horiz. corrector magnet
LS1_CB11:DCV_D1892,VCOR,0.0,189.23817788,0.04,0.04,CB11,S2,LS1,D1892,DCV,vert. corrector magnet
DRIFT,DRIFT,0.076136,189.52624588,0.04,0.04,NONE,NONE,NONE,NONE,NONE,solenoid-exit
DRIFT,DRIFT,0.0986025,189.61315788,0.04,0.04,NONE,NONE,NONE,NONE,NONE,bellow
LS1_CB11:CAV5_D1898,CAV,0.3,189.81291638,0.034,0.034,CB11,CAV_B08,LS1,D1898,CAV5,b08 cavity
DRIFT,DRIFT,0.097688,190.01176038,0.034,0.034,NONE,NONE,NONE,NONE,NONE,bellow
LS1_CB11:CAV6_D1902,CAV,0.3,190.21060438,0.034,0.034,CB11,CAV_B08,LS1,D1902,CAV6,b08 cavity
DRIFT,DRIFT,0.097688,190.40944838,0.034,0.034,NONE,NONE,NONE,NONE,NONE,bellow
LS1_CB11:CAV7_D1906,CAV,0.3,190.60829238,0.034,0.034,CB11,CAV_B08,LS1,D1906,CAV7,b08 cavity
LS1_CB11:BLM_D1908,BLM,0.0,190.75737788,0.034,0.034,CB11,NONE,LS1,NONE,BLM,outside loss monitor
DRIFT,DRIFT,0.09559534,190.8065473,0.034,0.034,NONE,NONE,NONE,NONE,NONE,bellow
LS1_CB11:BPM_D1909,BPM,0.0,190.85388772,0.04,0.04,CB11,BPM6,LS1,D1909,BPM,"position monitor, BPMc"
DRIFT,DRIFT,0.05588,190.88182772,0.04,0.04,NONE,NONE,NONE,NONE,NONE,BPM-box
DRIFT,DRIFT,0.076136,190.94783572,0.04,0.04,NONE,NONE,NONE,NONE,NONE,solenoid-entry
LS1_CB11:SOL3_D1912,SOLCOR,0.5,191.23590372,0.04,0.04,CB11,SOL_S2,LS1,D1912,SOL3,solenoid+correctors
LS1_CB11:DCH_D1912,HCOR,0.0,191.23590372,0.04,0.04,CB11,S2,LS1,D1912,DCH,horiz. corrector magnet
LS1_CB11:DCV_D1912,VCOR,0.0,191.23590372,0.04,0.04,CB11,S2,LS1,D1912,DCV,vert. corrector magnet
DRIFT,DRIFT,0.076136,191.52397172,0.04,0.04,NONE,NONE,NONE,NONE,NONE,solenoid-exit
DRIFT,DRIFT,0.0986025,191.61088372,0.04,0.04,NONE,NONE,NONE,NONE,NONE,bellow
LS1_CB11:CAV8_D1918,CAV,0.3,191.81064222,0.034,0.034,CB11,CAV_B08,LS1,D1918,CAV8,b08 cavity
DRIFT,DRIFT,0.1753115,192.04875522,0.034,0.034,NONE,NONE,NONE,NONE,NONE,bellows
LS1_CB11:GV_D1922,VALVE,0.072,192.17195372,0.04,0.04,CB11,NONE,LS1,NONE,GV,gate valve
DRIFT,DRIFT,0.116,192.26595372,0.04,0.04,NONE,NONE,NONE,NONE,NONE,bellow
LS1_WB11:BPM_D1923,BPM,0.0,192.32395372,0.04,0.04,WB11,BPM2,LS1,D1923,BPM,position monitor
DRIFT,DRIFT,0.074,192.36095372,0.04,0.04,NONE,NONE,NONE,NONE,NONE,diagnostic box
LS1_WB11:PORT_D1924,PORT,0.0,192.39795372,0.04,0.04,WB11,,LS1,NONE,PORT,port for future diagnostics
DRIFT,DRIFT,0.091,192.44345372,0.04,0.04,NONE,NONE,NONE,NONE,NONE,diagnostic box
LS1_WB11:PORT_D1925,PORT,0.0,192.48895372,0.04,0.04,WB11,IP_S,LS1,NONE,PORT,"pump, 65 l/s"
DRIFT,DRIFT,0.099,192.53845372,0.04,0.04,NONE,NONE,NONE,NONE,NONE,bellow
DRIFT,DRIFT,1.05,193.11295372,0.04,0.04,NONE,NONE,NONE,NONE,NONE,drift_1083
LS1_BTS:DC_D1937,COR,0.2,193.73795372,0.05,0.05,BTS,C2,LS1,D1937,DC,"correctors-X,Y"
LS1_BTS:DCH_D1937,HCOR,0.0,193.73795372,0.05,0.05,BTS,C2,LS1,D1937,DCH,horiz. corrector magnet
LS1_BTS:DCV_D1937,VCOR,0.0,193.73795372,0.05,0.05,BTS,C2,LS1,D1937,DCV,vert. corrector magnet
DRIFT,DRIFT,0.25,193.96295372,0.05,0.05,NONE,NONE,NONE,NONE,NONE,drift_1085
LS1_BTS:QH_D1942,QUAD,0.25,194.21295372,0.05,0.05,BTS,QUAD_Q1,LS1,D1942,QH,quadrupole-X
DRIFT,DRIFT,0.5,194.58795372,0.05,0.05,NONE,NONE,NONE,NONE,NONE,drift_1087
LS1_BTS:QV_D1950,QUAD,0.25,194.96295372,0.05,0.05,BTS,QUAD_Q1,LS1,D1950,QV,quadrupole-Y
DRIFT,DRIFT,1.198,195.68695372,0.05,0.05,NONE,NONE,NONE,NONE,NONE,drift_1089
LS1_BTS:DC_D1964,COR,0.2,196.38595372,0.05,0.05,BTS,C2,LS1,D1964,DC,"correctors-X,Y"
LS1_BTS:DCH_D1964,HCOR,0.0,196.38595372,0.05,0.05,BTS,C2,LS1,D1964,DCH,horiz. corrector magnet
LS1_BTS:DCV_D1964,VCOR,0.0,196.38595372,0.05,0.05,BTS,C2,LS1,D1964,DCV,vert. corrector magnet
DRIFT,DRIFT,0.069,196.52045372,0.05,0.05,NONE,NONE,NONE,NONE,NONE,drift_1091
LS1_BTS:BPM_D1966,BPM,0.137,196.62345372,0.0475,0.0475,BTS,BPM3,LS1,D1966,BPM,position monitor
DRIFT,DRIFT,0.044,196.71395372,0.0475,0.0475,NONE,NONE,NONE,NONE,NONE,drift_1094
LS1_BTS:QH_D1969,QUAD,0.25,196.86095372,0.05,0.05,BTS,QUAD_Q1,LS1,D1969,QH,quadrupole-X
DRIFT,DRIFT,0.5,197.23595372,0.05,0.05,NONE,NONE,NONE,NONE,NONE,drift_1096
LS1_BTS:QV_D1976,QUAD,0.25,197.61095372,0.05,0.05,BTS,QUAD_Q1,LS1,D1976,QV,quadrupole-Y
DRIFT,DRIFT,0.12,197.79595372,0.05,0.05,NONE,NONE,NONE,NONE,NONE,drift_1098
DRIFT,DRIFT,0.116,197.91395372,0.04,0.04,NONE,NONE,NONE,NONE,NONE,bellow
LS1_BTS:BPM_D1980,BPM,0.0,197.97195372,0.04,0.04,BTS,BPM2,LS1,D1980,BPM,position monitor
DRIFT,DRIFT,0.074,198.00895372,0.04,0.04,NONE,NONE,NONE,NONE,NONE,diagnostic box
LS1_BTS:PORT_D1980,PORT,0.0,198.04595372,0.04,0.04,BTS,,LS1,NONE,PORT,port for future diagnostics
DRIFT,DRIFT,0.091,198.09145372,0.04,0.04,NONE,NONE,NONE,NONE,NONE,diagnostic box
LS1_BTS:PORT_D1981,PORT,0.0,198.13695372,0.04,0.04,BTS,IP_S,LS1,NONE,PORT,"pump, 65 l/s"
DRIFT,DRIFT,0.099,198.18645372,0.04,0.04,NONE,NONE,NONE,NONE,NONE,bellow
DRIFT,DRIFT,0.072,198.27195372,0.04,0.04,NONE,NONE,NONE,NONE,NONE,drift_1107
DRIFT,DRIFT,0.0520975,198.33400247,0.04,0.04,NONE,NONE,NONE,NONE,NONE,drift_1108
DRIFT,DRIFT,0.323644,198.52187322,0.04,0.04,NONE,NONE,NONE,NONE,NONE,drift_1109
DRIFT,DRIFT,0.099517,198.73345372,0.04,0.04,NONE,NONE,NONE,NONE,NONE,drift_1112
DRIFT,DRIFT,0.323644,198.94503422,0.04,0.04,NONE,NONE,NONE,NONE,NONE,drift_1113
DRIFT,DRIFT,0.0520975,199.13290497,0.04,0.04,NONE,NONE,NONE,NONE,NONE,drift_1116
DRIFT,DRIFT,0.072,199.19495372,0.04,0.04,NONE,NONE,NONE,NONE,NONE,drift_1117
DRIFT,DRIFT,0.094,199.27795372,0.04,0.04,NONE,NONE,NONE,NONE,NONE,bellow
DRIFT,DRIFT,0.0,199.32495372,0.04,0.04,NONE,NONE,NONE,NONE,NONE,vacuum box
LS1_BTS:PORT_D1993,PORT,0.0,199.32495372,0.04,0.04,BTS,,LS1,NONE,PORT,future diagnostic port
DRIFT,DRIFT,0.091,199.37045372,0.04,0.04,NONE,NONE,NONE,NONE,NONE,vacuum box
LS1_BTS:PORT_D1994,PORT,0.0,199.41595372,0.04,0.04,BTS,IP_S,LS1,NONE,PORT,"pump, 65 l/s"
DRIFT,DRIFT,0.099,199.46545372,0.04,0.04,NONE,NONE,NONE,NONE,NONE,bellow
DRIFT,DRIFT,0.106,199.56795372,0.04,0.04,NONE,NONE,NONE,NONE,NONE,drift_1125
LS1_BTS:DC_D1997,COR,0.2,199.72095372,0.05,0.05,BTS,C2,LS1,D1997,DC,"correctors-X,Y"
LS1_BTS:DCH_D1997,HCOR,0.0,199.72095372,0.05,0.05,BTS,C2,LS1,D1997,DCH,horiz. corrector magnet
LS1_BTS:DCV_D1997,VCOR,0.0,199.72095372,0.05,0.05,BTS,C2,LS1,D1997,DCV,vert. corrector magnet
DRIFT,DRIFT,0.25,199.94595372,0.05,0.05,NONE,NONE,NONE,NONE,NONE,drift_1127
LS1_BTS:QH_D2002,QUAD,0.25,200.19595372,0.05,0.05,BTS,QUAD_Q1,LS1,D2002,QH,quadrupole-X
DRIFT,DRIFT,0.886212,200.76405972,0.05,0.05,NONE,NONE,NONE,NONE,NONE,drift_1129
LS1_BTS:QV_D2013,QUAD,0.25,201.33216572,0.05,0.05,BTS,QUAD_Q1,LS1,D2013,QV,quadrupole-Y
DRIFT,DRIFT,0.87,201.89216572,0.05,0.05,NONE,NONE,NONE,NONE,NONE,drift_1131
LS1_BTS:DC_D2024,COR,0.2,202.42716572,0.05,0.05,BTS,C2,LS1,D2024,DC,"correctors-X,Y"
LS1_BTS:DCH_D2024,HCOR,0.0,202.42716572,0.05,0.05,BTS,C2,LS1,D2024,DCH,horiz. corrector magnet
LS1_BTS:DCV_D2024,VCOR,0.0,202.42716572,0.05,0.05,BTS,C2,LS1,D2024,DCV,vert. corrector magnet
DRIFT,DRIFT,0.069,202.56166572,0.05,0.05,NONE,NONE,NONE,NONE,NONE,drift_1133
LS1_BTS:BPM_D2027,BPM,0.137,202.66466572,0.0475,0.0475,BTS,BPM3,LS1,D2027,BPM,position monitor
DRIFT,DRIFT,0.044,202.75516572,0.0475,0.0475,NONE,NONE,NONE,NONE,NONE,drift_1136
LS1_BTS:QH_D2029,QUAD,0.25,202.90216572,0.05,0.05,BTS,QUAD_Q1,LS1,D2029,QH,quadrupole-X
DRIFT,DRIFT,1.086212,203.57027172,0.05,0.05,NONE,NONE,NONE,NONE,NONE,drift_1138
LS1_BTS:QV_D2042,QUAD,0.25,204.23837772,0.05,0.05,BTS,QUAD_Q1,LS1,D2042,QV,quadrupole-Y
DRIFT,DRIFT,0.46,204.59337772,0.05,0.05,NONE,NONE,NONE,NONE,NONE,drift_1140
DRIFT,DRIFT,0.116,204.88137772,0.04,0.04,NONE,NONE,NONE,NONE,NONE,bellow
LS1_BTS:BPM_D2049,BPM,0.0,204.93937772,0.04,0.04,BTS,BPM3,LS1,D2049,BPM,position monitor
DRIFT,DRIFT,0.074,204.97637772,0.04,0.04,NONE,NONE,NONE,NONE,NONE,diagnostic box
LS1_BTS:PM_D2050,PM,0.0,205.01337772,0.04,0.04,BTS,PM3,LS1,D2050,PM,profile monitor
DRIFT,DRIFT,0.091,205.05887772,0.04,0.04,NONE,NONE,NONE,NONE,NONE,diagnostic box
LS1_BTS:PORT_D2051,PORT,0.0,205.10437772,0.04,0.04,BTS,IP_S,LS1,NONE,PORT,"pump, 65 l/s"
DRIFT,DRIFT,0.099,205.15387772,0.04,0.04,NONE,NONE,NONE,NONE,NONE,bellow
DRIFT,DRIFT,0.779109,205.59293222,0.04,0.04,NONE,NONE,NONE,NONE,NONE,drift_1149
LS1_BTS:DC_D2061,COR,0.2,206.08248672,0.05,0.05,BTS,C2,LS1,D2061,DC,"correctors-X,Y"
LS1_BTS:DCH_D2061,HCOR,0.0,206.08248672,0.05,0.05,BTS,C2,LS1,D2061,DCH,horiz. corrector magnet
LS1_BTS:DCV_D2061,VCOR,0.0,206.08248672,0.05,0.05,BTS,C2,LS1,D2061,DCV,vert. corrector magnet
DRIFT,DRIFT,0.25,206.30748672,0.05,0.05,NONE,NONE,NONE,NONE,NONE,drift_1151
LS1_BTS:QV_D2066,QUAD,0.25,206.55748672,0.05,0.05,BTS,QUAD_Q1,LS1,D2066,QV,quadrupole-Y
DRIFT,DRIFT,0.5,206.93248672,0.05,0.05,NONE,NONE,NONE,NONE,NONE,drift_1153
LS1_BTS:QH_D2073,QUAD,0.25,207.30748672,0.05,0.05,BTS,QUAD_Q1,LS1,D2073,QH,quadrupole-X
DRIFT,DRIFT,0.7,207.78248672,0.05,0.05,NONE,NONE,NONE,NONE,NONE,drift_1155
LS1_CH01:GV_D2082,VALVE,0.057404,208.16118872,0.04,0.04,CH01,NONE,LS1,NONE,GV,gate valve
DRIFT,DRIFT,0.1895765,208.28422172,0.04,0.04,NONE,NONE,NONE,NONE,NONE,bellows
LS1_CH01:CAV1_D2085,CAV,0.3,208.52946722,0.034,0.034,CH01,CAV_B08,LS1,D2085,CAV1,b08 cavity
DRIFT,DRIFT,0.097688,208.72831122,0.034,0.034,NONE,NONE,NONE,NONE,NONE,bellows
LS1_CH01:CAV2_D2089,CAV,0.3,208.92715522,0.034,0.034,CH01,CAV_B08,LS1,D2089,CAV2,b08 cavity
DRIFT,DRIFT,0.0986025,209.12691372,0.034,0.034,NONE,NONE,NONE,NONE,NONE,bellows
DRIFT,DRIFT,0.197985,209.27475022,0.034,0.034,NONE,NONE,NONE,NONE,NONE,drift_1163
DRIFT,DRIFT,0.0986025,209.42258672,0.034,0.034,NONE,NONE,NONE,NONE,NONE,bellows
LS1_CH01:CAV3_D2096,CAV,0.3,209.62234522,0.034,0.034,CH01,CAV_B08,LS1,D2096,CAV3,b08 cavity
DRIFT,DRIFT,0.097688,209.82118922,0.034,0.034,NONE,NONE,NONE,NONE,NONE,bellows
LS1_CH01:CAV4_D2100,CAV,0.3,210.02003322,0.034,0.034,CH01,CAV_B08,LS1,D2100,CAV4,b08 cavity
DRIFT,DRIFT,0.1895765,210.26527872,0.034,0.034,NONE,NONE,NONE,NONE,NONE,bellows
LS1_CH01:GV_D2104,VALVE,0.057404,210.38831172,0.04,0.04,CH01,NONE,LS1,NONE,GV,gate valve
LS1_BTS:PORT_D2104,PORT,0.0,210.41701372,0.04,0.04,BTS,IP_S,LS1,NONE,PORT,"pump, 65 l/s"
DRIFT,DRIFT,0.740542,210.78728472,0.04,0.04,NONE,NONE,NONE,NONE,NONE,vacuum box
DRIFT,DRIFT,0.1,211.20755572,0.04,0.04,NONE,NONE,NONE,NONE,NONE,drift_1174
LS1_BTS:DC_D2114,COR,0.2,211.35755572,0.05,0.05,BTS,C2,LS1,D2114,DC,"correctors-X,Y"
LS1_BTS:DCH_D2114,HCOR,0.0,211.35755572,0.05,0.05,BTS,C2,LS1,D2114,DCH,horiz. corrector magnet
LS1_BTS:DCV_D2114,VCOR,0.0,211.35755572,0.05,0.05,BTS,C2,LS1,D2114,DCV,vert. corrector magnet
DRIFT,DRIFT,0.069,211.49205572,0.05,0.05,NONE,NONE,NONE,NONE,NONE,drift_1176
LS1_BTS:BPM_D2116,BPM,0.137,211.59505572,0.0475,0.0475,BTS,BPM3,LS1,D2116,BPM,position monitor
DRIFT,DRIFT,0.044,211.68555572,0.0475,0.0475,NONE,NONE,NONE,NONE,NONE,drift_1179
LS1_BTS:QV_D2118,QUAD,0.25,211.83255572,0.05,0.05,BTS,QUAD_Q1,LS1,D2118,QV,quadrupole-Y
DRIFT,DRIFT,0.5,212.20755572,0.05,0.05,NONE,NONE,NONE,NONE,NONE,drift_1181
LS1_BTS:QH_D2126,QUAD,0.25,212.58255572,0.05,0.05,BTS,QUAD_Q1,LS1,D2126,QH,quadrupole-X
DRIFT,DRIFT,0.415406,212.91525872,0.05,0.05,NONE,NONE,NONE,NONE,NONE,drift_1183
DRIFT,DRIFT,0.116,213.18096172,0.04,0.04,NONE,NONE,NONE,NONE,NONE,bellow
LS1_BTS:BPM_D2132,BPM,0.0,213.23896172,0.04,0.04,BTS,BPM2,LS1,D2132,BPM,position monitor
DRIFT,DRIFT,0.074,213.27596172,0.04,0.04,NONE,NONE,NONE,NONE,NONE,diagnostic box
LS1_BTS:PM_D2133,PM,0.0,213.31296172,0.04,0.04,BTS,PM2,LS1,D2133,PM,profile monitor
DRIFT,DRIFT,0.091,213.35846172,0.04,0.04,NONE,NONE,NONE,NONE,NONE,diagnostic box
LS1_BTS:PORT_D2134,PORT,0.0,213.40396172,0.04,0.04,BTS,IP_S,LS1,NONE,PORT,"pump, 65 l/s"
DRIFT,DRIFT,0.099,213.45346172,0.04,0.04,NONE,NONE,NONE,NONE,NONE,bellow
FS1_CH02:GV_D2135,VALVE,0.057404,213.53166372,0.04,0.04,CH02,NONE,FS1,NONE,GV,gate valve
DRIFT,DRIFT,0.1895765,213.65469672,0.04,0.04,NONE,NONE,NONE,NONE,NONE,bellows
FS1_CH02:CAV1_D2139,CAV,0.3,213.89994222,0.034,0.034,CH02,CAV_B08,FS1,D2139,CAV1,b08 cavity
DRIFT,DRIFT,0.097688,214.09878622,0.034,0.034,NONE,NONE,NONE,NONE,NONE,bellows
FS1_CH02:CAV2_D2143,CAV,0.3,214.29763022,0.034,0.034,CH02,CAV_B08,FS1,D2143,CAV2,b08 cavity
DRIFT,DRIFT,0.0986025,214.49738872,0.034,0.034,NONE,NONE,NONE,NONE,NONE,bellows
DRIFT,DRIFT,0.197985,214.64522522,0.034,0.034,NONE,NONE,NONE,NONE,NONE,drift_1198
DRIFT,DRIFT,0.0986025,214.79306172,0.034,0.034,NONE,NONE,NONE,NONE,NONE,bellows
FS1_CH02:CAV3_D2150,CAV,0.3,214.99282022,0.034,0.034,CH02,CAV_B08,FS1,D2150,CAV3,b08 cavity
DRIFT,DRIFT,0.097688,215.19166422,0.034,0.034,NONE,NONE,NONE,NONE,NONE,bellows
FS1_CH02:CAV4_D2154,CAV,0.3,215.39050822,0.034,0.034,CH02,CAV_B08,FS1,D2154,CAV4,b08 cavity
DRIFT,DRIFT,0.1895765,215.63575372,0.034,0.034,NONE,NONE,NONE,NONE,NONE,bellows
FS1_CH02:GV_D2158,VALVE,0.057404,215.75878672,0.04,0.04,CH02,NONE,FS1,NONE,GV,gate valve
DRIFT,DRIFT,0.094,215.83448872,0.04,0.04,NONE,NONE,NONE,NONE,NONE,bellow
DRIFT,DRIFT,0.0,215.88148872,0.04,0.04,NONE,NONE,NONE,NONE,NONE,vacuum box
FS1_CSS:FVS_D2159,VALVE,0.0,215.88148872,0.04,0.04,CSS,NONE,FS1,NONE,FVS,fast valve sensor
DRIFT,DRIFT,0.091,215.92698872,0.04,0.04,NONE,NONE,NONE,NONE,NONE,vacuum box
FS1_CSS:PORT_D2160,PORT,0.0,215.97248872,0.04,0.04,CSS,IP_S,FS1,NONE,PORT,"pump, 65 l/s"
DRIFT,DRIFT,0.099,216.02198872,0.04,0.04,NONE,NONE,NONE,NONE,NONE,bellow
DRIFT,DRIFT,0.0988,216.12088872,0.04,0.04,NONE,NONE,NONE,NONE,NONE,drift_1213
FS1_CSS:DH_D2163,BEND,0.3,216.32028872,0.04,0.04,CSS,BEND_D1,FS1,D2163,DH,dipole (-5deg)
DRIFT,DRIFT,0.25,216.59528872,0.04,0.04,NONE,NONE,NONE,NONE,NONE,drift_1215
FS1_CSS:DH_D2169,BEND,0.3,216.87028872,0.04,0.04,CSS,BEND_D1,FS1,D2169,DH,dipole (+5deg)
DRIFT,DRIFT,0.091402,217.06598972,0.04,0.04,NONE,NONE,NONE,NONE,NONE,drift_1217
FS1_CSS:FAV_D2171,VALVE,0.067196,217.14528872,0.04,0.04,CSS,NONE,FS1,NONE,FAV,fast valve
DRIFT,DRIFT,0.091402,217.22458772,0.04,0.04,NONE,NONE,NONE,NONE,NONE,drift_1219
FS1_CSS:DH_D2174,BEND,0.3,217.42028872,0.04,0.04,CSS,BEND_D1,FS1,D2174,DH,dipole (+5deg)
DRIFT,DRIFT,0.25,217.69528872,0.04,0.04,NONE,NONE,NONE,NONE,NONE,drift_1221
FS1_CSS:DH_D2180,BEND,0.3,217.97028872,0.04,0.04,CSS,BEND_D1,FS1,D2180,DH,dipole (-5deg)
DRIFT,DRIFT,0.06,218.15028872,0.04,0.04,NONE,NONE,NONE,NONE,NONE,coil-out (assumed)
DRIFT,DRIFT,0.150334,218.25545572,0.04,0.04,NONE,NONE,NONE,NONE,NONE,drift_1224
FS1_CSS:BCM_D2184,BCM,0.1,218.38062272,0.04,0.04,CSS,BCM2,FS1,NONE,BCM,current monitor
FS1_CSS:PORT_D2186,PORT,0.278666,218.56995572,0.04,0.04,CSS,TMP_L,FS1,NONE,PORT,turbo pump 2000 l/s
DRIFT,DRIFT,0.1,218.75928872,0.04,0.04,NONE,NONE,NONE,NONE,NONE,bellow
DRIFT,DRIFT,0.036,218.82728872,0.04,0.04,NONE,NONE,NONE,NONE,NONE,coil-out
FS1_CSS:DC_D2189,COR,0.2,218.94528872,0.05,0.05,CSS,C2,FS1,D2189,DC,"correctors-X,Y"
FS1_CSS:DCH_D2189,HCOR,0.0,218.94528872,0.05,0.05,CSS,C2,FS1,D2189,DCH,horiz. corrector magnet
FS1_CSS:DCV_D2189,VCOR,0.0,218.94528872,0.05,0.05,CSS,C2,FS1,D2189,DCV,vert. corrector magnet
DRIFT,DRIFT,0.25,219.17028872,0.05,0.05,NONE,NONE,NONE,NONE,NONE,drift_1230
FS1_CSS:QH_D2194,QUAD,0.25,219.42028872,0.05,0.05,CSS,QUAD_Q1,FS1,D2194,QH,quadrupole-X
DRIFT,DRIFT,0.0475,219.56903872,0.05,0.05,NONE,NONE,NONE,NONE,NONE,drift_1232
DRIFT,DRIFT,0.373,219.77928872,0.05,0.05,NONE,NONE,NONE,NONE,NONE,diagnostic box
FS1_CSS:BL_D2200,BL,0.0,219.96578872,0.05,0.05,CSS,LPM3,FS1,NONE,BL,bunch length monitor
FS1_CSS:PM_D2200,PM,0.0,219.96578872,0.05,0.05,CSS,PM3,FS1,D2200,PM,profile monitor
DRIFT,DRIFT,0.11735,220.02446372,0.05,0.05,NONE,NONE,NONE,NONE,NONE,drift_1237
FS1_CSS:QV_D2202,QUAD,0.25,220.20813872,0.05,0.05,CSS,QUAD_Q1,FS1,D2202,QV,quadrupole-Y
DRIFT,DRIFT,0.135518,220.40089772,0.05,0.05,NONE,NONE,NONE,NONE,NONE,drift_1239
FS1_CSS:PORT_D2206,PORT,0.278666,220.60798972,0.05,0.05,CSS,TMP_L,FS1,NONE,PORT,turbo pump 2000 l/s
FS1_CSS:FVS_D2207,VALVE,0.0,220.74732272,0.05,0.05,CSS,NONE,FS1,NONE,FVS,fast valve sensor
DRIFT,DRIFT,0.135816,220.81523072,0.05,0.05,NONE,NONE,NONE,NONE,NONE,drift_1242
FS1_CSS:DC_D2210,COR,0.2,220.98313872,0.05,0.05,CSS,C2,FS1,D2210,DC,"correctors-X,Y"
FS1_CSS:DCH_D2210,HCOR,0.0,220.98313872,0.05,0.05,CSS,C2,FS1,D2210,DCH,horiz. corrector magnet
FS1_CSS:DCV_D2210,VCOR,0.0,220.98313872,0.05,0.05,CSS,C2,FS1,D2210,DCV,vert. corrector magnet
DRIFT,DRIFT,0.069,221.11763872,0.05,0.05,NONE,NONE,NONE,NONE,NONE,drift_1244
FS1_CSS:BPM_D2212,BPM,0.137,221.22063872,0.0475,0.0475,CSS,BPM3,FS1,D2212,BPM,position monitor
DRIFT,DRIFT,0.044,221.31113872,0.0475,0.0475,NONE,NONE,NONE,NONE,NONE,drift_1246
FS1_CSS:QH_D2215,QUAD,0.25,221.45813872,0.05,0.05,CSS,QUAD_Q1,FS1,D2215,QH,quadrupole-X
DRIFT,DRIFT,0.25,221.70813872,0.05,0.05,NONE,NONE,NONE,NONE,NONE,drift_1248
FS1_CSS:QV_D2220,QUAD,0.25,221.95813872,0.05,0.05,CSS,QUAD_Q1,FS1,D2220,QV,quadrupole-Y
DRIFT,DRIFT,0.12,222.14313872,0.05,0.05,NONE,NONE,NONE,NONE,NONE,drift_1251
FS1_CSS:GV_D2222,VALVE,0.075,222.24063872,0.063,0.063,CSS,NONE,FS1,NONE,GV,gate valve
DRIFT,DRIFT,0.116,222.33613872,0.04,0.04,NONE,NONE,NONE,NONE,NONE,bellow
FS1_CSS:BPM_D2224,BPM,0.0,222.39413872,0.04,0.04,CSS,BPM3,FS1,D2224,BPM,position monitor
DRIFT,DRIFT,0.074,222.43113872,0.04,0.04,NONE,NONE,NONE,NONE,NONE,diagnostic box
FS1_CSS:PM_D2225,PM,0.0,222.46813872,0.04,0.04,CSS,PM6,FS1,D2225,PM,profile monitor (small)
DRIFT,DRIFT,0.091,222.51363872,0.04,0.04,NONE,NONE,NONE,NONE,NONE,diagnostic box
FS1_CSS:PORT_D2226,PORT,0.0,222.55913872,0.04,0.04,CSS,IP_S,FS1,NONE,PORT,"pump, 65 l/s"
DRIFT,DRIFT,0.099,222.60863872,0.04,0.04,NONE,NONE,NONE,NONE,NONE,bellow
FS1_STRL:GV_D2227,VALVE,0.072,222.69413872,0.04,0.04,STRL,NONE,FS1,NONE,GV,gate valve
FS1_STRL:STRIP_D2237,STRIP,1.856,223.65813872,0.04,0.04,NONE,NONE,NONE,NONE,NONE,stripper module
FS1_STRL:GV_D2246,VALVE,0.072,224.62213872,0.04,0.04,STRL,NONE,FS1,NONE,GV,gate valve
DRIFT,DRIFT,0.116,224.71613872,0.04,0.04,NONE,NONE,NONE,NONE,NONE,bellow
FS1_CSS:BPM_D2248,BPM,0.0,224.77413872,0.04,0.04,CSS,BPM3,FS1,D2248,BPM,position monitor
DRIFT,DRIFT,0.074,224.81113872,0.04,0.04,NONE,NONE,NONE,NONE,NONE,diagnostic box
FS1_CSS:PM_D2248,PM,0.0,224.84813872,0.04,0.04,CSS,PM6,FS1,D2248,PM,profile monitor
DRIFT,DRIFT,0.091,224.89363872,0.04,0.04,NONE,NONE,NONE,NONE,NONE,diagnostic box
FS1_CSS:PORT_D2249,PORT,0.0,224.93913872,0.04,0.04,CSS,IP_S,FS1,NONE,PORT,"pump, 65 l/s"
DRIFT,DRIFT,0.099,224.98863872,0.04,0.04,NONE,NONE,NONE,NONE,NONE,bellow
FS1_CSS:GV_D2251,VALVE,0.075,225.07563872,0.063,0.063,CSS,NONE,FS1,NONE,GV,gate valve
DRIFT,DRIFT,0.12,225.17313872,0.063,0.063,NONE,NONE,NONE,NONE,NONE,drift_1278
FS1_CSS:QV_D2254,QUAD,0.25,225.35813872,0.05,0.05,CSS,QUAD_Q1,FS1,D2254,QV,quadrupole-Y
DRIFT,DRIFT,0.1,225.53313872,0.05,0.05,NONE,NONE,NONE,NONE,NONE,drift_1280
FS1_CSS:DC_D2257,COR,0.2,225.68313872,0.05,0.05,CSS,C2,FS1,D2257,DC,"correctors-X,Y"
FS1_CSS:DCH_D2257,HCOR,0.0,225.68313872,0.05,0.05,CSS,C2,FS1,D2257,DCH,horiz. corrector magnet
FS1_CSS:DCV_D2257,VCOR,0.0,225.68313872,0.05,0.05,CSS,C2,FS1,D2257,DCV,vert. corrector magnet
DRIFT,DRIFT,0.1,225.83313872,0.05,0.05,NONE,NONE,NONE,NONE,NONE,drift_1283
FS1_CSS:QH_D2260,QUAD,0.25,226.00813872,0.05,0.05,CSS,QUAD_Q1,FS1,D2260,QH,quadrupole-X
DRIFT,DRIFT,0.098,226.18213872,0.05,0.05,NONE,NONE,NONE,NONE,NONE,coil out + leads
DRIFT,DRIFT,0.074,226.26813872,0.05,0.05,NONE,NONE,NONE,NONE,NONE,drift_1287
FS1_CSS:BCM_D2264,BCM,0.1,226.35513872,0.05,0.05,CSS,BCM4,FS1,NONE,BCM,current monitor
FS1_CSS:PORT_D2266,PORT,0.43,226.62013872,0.05,0.05,CSS,TMP_L,FS1,NONE,PORT,turbo pump 2000 l/s
FS1_CSS:BL_D2268,BL,0.0,226.83513872,0.05,0.05,CSS,LPMx,FS1,NONE,BL,bunch length monitor
FS1_CSS:FVS_D2268,VALVE,0.0,226.83513872,0.05,0.05,CSS,NONE,FS1,NONE,FVS,fast valve sensor
DRIFT,DRIFT,0.1,226.88513872,0.05,0.05,NONE,NONE,NONE,NONE,NONE,drift_1292
DRIFT,DRIFT,0.05,226.96013872,0.05,0.05,NONE,NONE,NONE,NONE,NONE,drift_1293
DRIFT,DRIFT,0.098,227.03413872,0.05,0.05,NONE,NONE,NONE,NONE,NONE,coil out + leads
FS1_CSS:QV_D2272,QUAD,0.25,227.20813872,0.05,0.05,CSS,QUAD_Q1,FS1,D2272,QV,quadrupole-Y
DRIFT,DRIFT,0.08785,227.37706372,0.05,0.05,NONE,NONE,NONE,NONE,NONE,drift_1296
FS1_CSS:DC_D2275,COR,0.2,227.52098872,0.05,0.05,CSS,C2,FS1,D2275,DC,"correctors-X,Y"
FS1_CSS:DCH_D2275,HCOR,0.0,227.52098872,0.05,0.05,CSS,C2,FS1,D2275,DCH,horiz. corrector magnet
FS1_CSS:DCV_D2275,VCOR,0.0,227.52098872,0.05,0.05,CSS,C2,FS1,D2275,DCV,vert. corrector magnet
DRIFT,DRIFT,0.069,227.65548872,0.05,0.05,NONE,NONE,NONE,NONE,NONE,drift_1298
FS1_CSS:BPM_D2278,BPM,0.137,227.75848872,0.0475,0.0475,CSS,BPM3,FS1,D2278,BPM,position monitor
DRIFT,DRIFT,0.044,227.84898872,0.0475,0.0475,NONE,NONE,NONE,NONE,NONE,drift_1300
FS1_CSS:QH_D2280,QUAD,0.25,227.99598872,0.05,0.05,CSS,QUAD_Q1,FS1,D2280,QH,quadrupole-X
DRIFT,DRIFT,0.28,228.26098872,0.05,0.05,NONE,NONE,NONE,NONE,NONE,drift_1302
FS1_CSS:PORT_D2286,PORT,0.43,228.61598872,0.05,0.05,CSS,TMP_L,FS1,NONE,PORT,turbo pump 2000 l/s
DRIFT,DRIFT,0.1,228.88098872,0.05,0.05,NONE,NONE,NONE,NONE,NONE,drift_1304
DRIFT,DRIFT,0.185,229.02348872,0.05,0.05,NONE,NONE,NONE,NONE,NONE,drift_1305
FS1_CSS:DH_D2293,BEND,0.3,229.26598872,0.04,0.04,CSS,BEND_D1,FS1,D2293,DH,dipole (-5deg)
DRIFT,DRIFT,0.25,229.54098872,0.04,0.04,NONE,NONE,NONE,NONE,NONE,drift_1307
FS1_CSS:DH_D2298,BEND,0.3,229.81598872,0.04,0.04,CSS,BEND_D1,FS1,D2298,DH,dipole (+5deg)
DRIFT,DRIFT,0.1,230.01598872,0.04,0.04,NONE,NONE,NONE,NONE,NONE,drift_1309
FS1_CSS:FAV_D2302,VALVE,0.25,230.19098872,0.04,0.04,CSS,NONE,FS1,NONE,FAV,fast valve
FS1_CSS:DH_D2305,BEND,0.3,230.46598872,0.04,0.04,CSS,BEND_D1,FS1,D2305,DH,dipole (+5deg)
DRIFT,DRIFT,0.25,230.74098872,0.04,0.04,NONE,NONE,NONE,NONE,NONE,drift_1313
FS1_CSS:DH_D2310,BEND,0.3,231.01598872,0.04,0.04,CSS,BEND_D1,FS1,D2310,DH,dipole (-5deg)
DRIFT,DRIFT,0.01553,231.17375372,0.04,0.04,NONE,NONE,NONE,NONE,NONE,drift_1315
DRIFT,DRIFT,0.116,231.23951872,0.04,0.04,NONE,NONE,NONE,NONE,NONE,bellow
FS1_CSS:BPM_D2313,BPM,0.0,231.29751872,0.04,0.04,CSS,BPM2,FS1,D2313,BPM,position monitor
DRIFT,DRIFT,0.074,231.33451872,0.04,0.04,NONE,NONE,NONE,NONE,NONE,diagnostic box
FS1_CSS:PM_D2314,PM,0.0,231.37151872,0.04,0.04,CSS,PMx,FS1,D2314,PM,profile monitor
DRIFT,DRIFT,0.091,231.41701872,0.04,0.04,NONE,NONE,NONE,NONE,NONE,diagnostic box
FS1_CSS:PORT_D2315,PORT,0.0,231.46251872,0.04,0.04,CSS,IP_S,FS1,NONE,PORT,"pump, 65 l/s"
FS1_CSS:FVS_D2315,VALVE,0.0,231.46251872,0.04,0.04,CSS,NONE,FS1,NONE,FVS,fast valve sensor
DRIFT,DRIFT,0.099,231.51201872,0.04,0.04,NONE,NONE,NONE,NONE,NONE,bellow
DRIFT,DRIFT,0.067196,231.59511672,0.04,0.04,NONE,NONE,NONE,NONE,NONE,drift_1324
DRIFT,DRIFT,0.069594,231.66351172,0.04,0.04,NONE,NONE,NONE,NONE,NONE,drift_1325
FS1_CH03:GV_D2317,VALVE,0.057404,231.72701072,0.04,0.04,CH03,NONE,FS1,NONE,GV,gate valve
DRIFT,DRIFT,0.1895765,231.85004372,0.04,0.04,NONE,NONE,NONE,NONE,NONE,bellows
FS1_CH03:CAV1_D2321,CAV,0.3,232.09528922,0.034,0.034,CH03,CAV_B08,FS1,D2321,CAV1,b08 cavity
DRIFT,DRIFT,0.097688,232.29413322,0.034,0.034,NONE,NONE,NONE,NONE,NONE,bellows
FS1_CH03:CAV2_D2325,CAV,0.3,232.49297722,0.034,0.034,CH03,CAV_B08,FS1,D2325,CAV2,b08 cavity
DRIFT,DRIFT,0.0986025,232.69273572,0.034,0.034,NONE,NONE,NONE,NONE,NONE,bellows
DRIFT,DRIFT,0.197985,232.84057222,0.034,0.034,NONE,NONE,NONE,NONE,NONE,drift_1332
DRIFT,DRIFT,0.0986025,232.98840872,0.034,0.034,NONE,NONE,NONE,NONE,NONE,bellows
FS1_CH03:CAV3_D2332,CAV,0.3,233.18816722,0.034,0.034,CH03,CAV_B08,FS1,D2332,CAV3,b08 cavity
DRIFT,DRIFT,0.097688,233.38701122,0.034,0.034,NONE,NONE,NONE,NONE,NONE,bellows
FS1_CH03:CAV4_D2336,CAV,0.3,233.58585522,0.034,0.034,CH03,CAV_B08,FS1,D2336,CAV4,b08 cavity
DRIFT,DRIFT,0.1895765,233.83110072,0.034,0.034,NONE,NONE,NONE,NONE,NONE,bellows
FS1_CH03:GV_D2340,VALVE,0.057404,233.95413372,0.04,0.04,CH03,NONE,FS1,NONE,GV,gate valve
DRIFT,DRIFT,0.094,234.02983572,0.04,0.04,NONE,NONE,NONE,NONE,NONE,bellow
DRIFT,DRIFT,0.0,234.07683572,0.04,0.04,NONE,NONE,NONE,NONE,NONE,vacuum box
FS1_CSS:FVS_D2341,VALVE,0.0,234.07683572,0.04,0.04,CSS,NONE,FS1,NONE,FVS,fast valve sensor
DRIFT,DRIFT,0.091,234.12233572,0.04,0.04,NONE,NONE,NONE,NONE,NONE,vacuum box
FS1_CSS:PORT_D2342,PORT,0.0,234.16783572,0.04,0.04,CSS,IP_S,FS1,NONE,PORT,"pump, 65 l/s"
DRIFT,DRIFT,0.099,234.21733572,0.04,0.04,NONE,NONE,NONE,NONE,NONE,bellow
DRIFT,DRIFT,0.001052,234.26736172,0.04,0.04,NONE,NONE,NONE,NONE,NONE,drift_1345
DRIFT,DRIFT,0.098771,234.31727322,0.04,0.04,NONE,NONE,NONE,NONE,NONE,drift_1346
DRIFT,DRIFT,0.347595,234.54045622,0.04,0.04,NONE,NONE,NONE,NONE,NONE,drift_1348
DRIFT,DRIFT,0.069596,234.74905172,0.04,0.04,NONE,NONE,NONE,NONE,NONE,drift_1351
FS1_CSS:FAV_D2348,VALVE,0.067196,234.81744772,0.04,0.04,CSS,NONE,FS1,NONE,FAV,fast valve
DRIFT,DRIFT,0.14724,234.92466572,0.04,0.04,NONE,NONE,NONE,NONE,NONE,drift_1353
FS1_CSS:DC_D2351,COR,0.2,235.09828572,0.05,0.05,CSS,C2,FS1,D2351,DC,"correctors-X,Y"
FS1_CSS:DCH_D2351,HCOR,0.0,235.09828572,0.05,0.05,CSS,C2,FS1,D2351,DCH,horiz. corrector magnet
FS1_CSS:DCV_D2351,VCOR,0.0,235.09828572,0.05,0.05,CSS,C2,FS1,D2351,DCV,vert. corrector magnet
DRIFT,DRIFT,0.25,235.32328572,0.05,0.05,NONE,NONE,NONE,NONE,NONE,drift_1355
FS1_CSS:QH_D2356,QUAD,0.25,235.57328572,0.05,0.05,CSS,QUAD_Q1,FS1,D2356,QH,quadrupole-X
DRIFT,DRIFT,0.047,235.72178572,0.05,0.05,NONE,NONE,NONE,NONE,NONE,coil out
DRIFT,DRIFT,0.09,235.79028572,0.05,0.05,NONE,NONE,NONE,NONE,NONE,drift_1358
FS1_CSS:BCM_D2359,BCM,0.1,235.88528572,0.05,0.05,CSS,BCM4,FS1,NONE,BCM,current monitor
DRIFT,DRIFT,0.04,235.95528572,0.05,0.05,NONE,NONE,NONE,NONE,NONE,drift_1360
DRIFT,DRIFT,0.098,236.02428572,0.05,0.05,NONE,NONE,NONE,NONE,NONE,coil out + leads
FS1_CSS:QH_D2362,QUAD,0.25,236.19828572,0.05,0.05,CSS,QUAD_Q1,FS1,D2362,QH,quadrupole-X
DRIFT,DRIFT,0.3,236.47328572,0.05,0.05,NONE,NONE,NONE,NONE,NONE,drift_1363
FS1_CSS:DC_D2367,COR,0.2,236.72328572,0.05,0.05,CSS,C2,FS1,D2367,DC,"correctors-X,Y"
FS1_CSS:DCH_D2367,HCOR,0.0,236.72328572,0.05,0.05,CSS,C2,FS1,D2367,DCH,horiz. corrector magnet
FS1_CSS:DCV_D2367,VCOR,0.0,236.72328572,0.05,0.05,CSS,C2,FS1,D2367,DCV,vert. corrector magnet
DRIFT,DRIFT,0.069,236.85778572,0.05,0.05,NONE,NONE,NONE,NONE,NONE,drift_1365
FS1_CSS:BPM_D2370,BPM,0.137,236.96078572,0.0475,0.0475,CSS,BPM3,FS1,D2370,BPM,position monitor
DRIFT,DRIFT,0.044,237.05128572,0.0475,0.0475,NONE,NONE,NONE,NONE,NONE,drift_1367
FS1_CSS:QV_D2372,QUAD,0.25,237.19828572,0.05,0.05,CSS,QUAD_Q1,FS1,D2372,QV,quadrupole-Y
DRIFT,DRIFT,0.25,237.44828572,0.05,0.05,NONE,NONE,NONE,NONE,NONE,drift_1369
FS1_CSS:QH_D2377,QUAD,0.25,237.69828572,0.05,0.05,CSS,QUAD_Q1,FS1,D2377,QH,quadrupole-X
DRIFT,DRIFT,0.145,237.89578572,0.05,0.05,NONE,NONE,NONE,NONE,NONE,drift_1371
FS1_CSS:DC_D2381,COR,0.2,238.06828572,0.05,0.05,CSS,C2,FS1,D2381,DC,"correctors-X,Y"
FS1_CSS:DCH_D2381,HCOR,0.0,238.06828572,0.05,0.05,CSS,C2,FS1,D2381,DCH,horiz. corrector magnet
FS1_CSS:DCV_D2381,VCOR,0.0,238.06828572,0.05,0.05,CSS,C2,FS1,D2381,DCV,vert. corrector magnet
DRIFT,DRIFT,0.092655,238.21461322,0.05,0.05,NONE,NONE,NONE,NONE,NONE,drift_1373
DRIFT,DRIFT,0.116,238.31894072,0.04,0.04,NONE,NONE,NONE,NONE,NONE,bellow
FS1_CSS:BPM_D2384,BPM,0.0,238.37694072,0.04,0.04,CSS,BPM3,FS1,D2384,BPM,position monitor
DRIFT,DRIFT,0.074,238.41394072,0.04,0.04,NONE,NONE,NONE,NONE,NONE,diagnostic box
FS1_CSS:PM_D2385,PM,0.0,238.45094072,0.04,0.04,CSS,PM3,FS1,D2385,PM,profile monitor
DRIFT,DRIFT,0.091,238.49644072,0.04,0.04,NONE,NONE,NONE,NONE,NONE,diagnostic box
FS1_CSS:FVS_D2385,VALVE,0.0,238.54194072,0.04,0.04,CSS,NONE,FS1,NONE,FVS,fast valve sensor
FS1_CSS:PORT_D2385,PORT,0.0,238.54194072,0.04,0.04,CSS,IP_S,FS1,NONE,PORT,"pump, 65 l/s"
DRIFT,DRIFT,0.099,238.59144072,0.04,0.04,NONE,NONE,NONE,NONE,NONE,bellow
FS1_CSS:GV_D2387,VALVE,0.075,238.67844072,0.063,0.063,CSS,NONE,FS1,NONE,GV,gate valve
DRIFT,DRIFT,0.14224,238.78706072,0.063,0.063,NONE,NONE,NONE,NONE,NONE,drift_1383
FS1_BBS:DH_D2394,BEND,1.0406525665,239.378507003,0.14,0.04,BBS,BEND_D2,FS1,D2394,DH,"dipole (-45deg), D45-1"
DRIFT,DRIFT,0.63,240.213833287,0.14,0.04,NONE,NONE,NONE,NONE,NONE,drift_1385
DRIFT,DRIFT,0.0,240.528833287,0.14,0.04,NONE,NONE,NONE,NONE,NONE,charge selection slit high power
FS1_BBS:PORT_D2405,PORT,0.0,240.528833287,0.14,0.04,BBS,TMP_L,FS1,NONE,PORT,turbo pump 2000 l/s
DRIFT,DRIFT,0.58,240.818833287,0.14,0.04,NONE,NONE,NONE,NONE,NONE,drift_1389
FS1_BBS:DC_D2412,COR,0.2,241.208833287,0.14,0.14,BBS,C1,FS1,D2412,DC,"correctors-X,Y"
FS1_BBS:DCH_D2412,HCOR,0.0,241.208833287,0.14,0.14,BBS,C1,FS1,D2412,DCH,horiz. corrector magnet
FS1_BBS:DCV_D2412,VCOR,0.0,241.208833287,0.14,0.14,BBS,C1,FS1,D2412,DCV,vert. corrector magnet
DRIFT,DRIFT,0.15,241.383833287,0.14,0.14,NONE,NONE,NONE,NONE,NONE,drift_1391
FS1_BBS:QH_D2416,QUAD,0.25,241.583833287,0.14,0.04,BBS,QUAD_Q6,FS1,D2416,QH,FS1 quadrupole-X
DRIFT,DRIFT,0.14,241.778833287,0.14,0.04,NONE,NONE,NONE,NONE,NONE,drift_1394
FS1_BBS:S_D2419,SEXT,0.15,241.923833287,0.14,0.14,BBS,H3,FS1,D2419,S,hexapole-X+
DRIFT,DRIFT,0.137931,242.067798787,0.14,0.14,NONE,NONE,NONE,NONE,NONE,drift_1396
FS1_BBS:BPM_D2422,BPM,0.084138,242.178833287,0.1336,0.1336,BBS,BPM5,FS1,D2422,BPM,position monitor 142x42
DRIFT,DRIFT,0.087931,242.264867787,0.1336,0.1336,NONE,NONE,NONE,NONE,NONE,drift_1398
FS1_BBS:QV_D2424,QUAD,0.25,242.433833287,0.14,0.04,BBS,QUAD_Q6,FS1,D2424,QV,FS1 quadrupole-Y
DRIFT,DRIFT,0.403223,242.760444787,0.14,0.04,NONE,NONE,NONE,NONE,NONE,drift_1400
FS1_BBS:DH_D2435,BEND,1.0406525665,243.48238257,0.14,0.04,BBS,BEND_D2,FS1,D2435,DH,"dipole (-45deg), D45-2"
DRIFT,DRIFT,0.148182,244.076799853,0.14,0.04,NONE,NONE,NONE,NONE,NONE,drift_1407
FS1_BBS:PM_D2444,PM,0.473636,244.387708853,0.15,0.15,BBS,PM4,FS1,D2444,PM,profile monitor
FS1_BBS:PORT_D2446,PORT,0.0,244.624526853,0.15,0.15,BBS,IP_L,FS1,NONE,PORT,"pump, 240 l/s"
DRIFT,DRIFT,0.148182,244.698617853,0.15,0.15,NONE,NONE,NONE,NONE,NONE,drift_1410
FS1_BBS:DH_D2453,BEND,1.0406525665,245.293035136,0.14,0.04,BBS,BEND_D2,FS1,D2453,DH,"dipole (-45deg), D45-3"
DRIFT,DRIFT,0.403223,246.01497292,0.14,0.04,NONE,NONE,NONE,NONE,NONE,drift_1415
FS1_BBS:QV_D2463,QUAD,0.25,246.34158442,0.14,0.04,BBS,QUAD_Q6,FS1,D2463,QV,FS1 quadrupole-Y
DRIFT,DRIFT,0.087931,246.51054992,0.14,0.04,NONE,NONE,NONE,NONE,NONE,drift_1417
FS1_BBS:BPM_D2466,BPM,0.084138,246.59658442,0.1336,0.1336,BBS,BPM5,FS1,D2466,BPM,position monitor R=75mm
DRIFT,DRIFT,0.137931,246.70761892,0.1336,0.1336,NONE,NONE,NONE,NONE,NONE,drift_1419
FS1_BBS:S_D2469,SEXT,0.15,246.85158442,0.14,0.14,BBS,H3,FS1,D2469,S,hexapole-X+
DRIFT,DRIFT,0.14,246.99658442,0.14,0.14,NONE,NONE,NONE,NONE,NONE,drift_1421
FS1_BBS:QH_D2472,QUAD,0.25,247.19158442,0.14,0.04,BBS,QUAD_Q6,FS1,D2472,QH,FS1 quadrupole-X
DRIFT,DRIFT,0.15,247.39158442,0.14,0.04,NONE,NONE,NONE,NONE,NONE,drift_1423
FS1_BBS:DC_D2476,COR,0.2,247.56658442,0.14,0.14,BBS,C1,FS1,D2476,DC,"correctors-X,Y"
FS1_BBS:DCH_D2476,HCOR,0.0,247.56658442,0.14,0.14,BBS,C1,FS1,D2476,DCH,horiz. corrector magnet
FS1_BBS:DCV_D2476,VCOR,0.0,247.56658442,0.14,0.14,BBS,C1,FS1,D2476,DCV,vert. corrector magnet
DRIFT,DRIFT,0.58,247.95658442,0.14,0.14,NONE,NONE,NONE,NONE,NONE,drift_1425
FS1_BBS:PM_D2482,PM,0.0,248.24658442,0.15,0.15,BBS,PM4,FS1,D2482,PM,profile monitor
FS1_BBS:PORT_D2482,PORT,0.0,248.24658442,0.15,0.15,BBS,IP_L,FS1,NONE,PORT,"pump, 240 l/s"
DRIFT,DRIFT,0.63,248.56158442,0.15,0.15,NONE,NONE,NONE,NONE,NONE,drift_1428
FS1_BBS:DH_D2494,BEND,1.0406525665,249.396910703,0.14,0.04,BBS,BEND_D2,FS1,D2494,DH,"dipole (-45deg), D45-4"
DRIFT,DRIFT,0.14224,249.988356986,0.14,0.04,NONE,NONE,NONE,NONE,NONE,drift_1430
FS1_BMS:GV_D2501,VALVE,0.075,250.096976986,0.063,0.063,BMS,NONE,FS1,NONE,GV,gate valve
DRIFT,DRIFT,0.116,250.192476986,0.04,0.04,NONE,NONE,NONE,NONE,NONE,bellow
FS1_BMS:BPM_D2503,BPM,0.0,250.250476986,0.05,0.05,BMS,BPM3,FS1,D2503,BPM,position monitor
DRIFT,DRIFT,0.074,250.287476986,0.05,0.05,NONE,NONE,NONE,NONE,NONE,diagnostic box
FS1_BMS:PM_D2503,PM,0.0,250.324476986,0.05,0.05,BMS,PM3,FS1,D2503,PM,profile monitor
DRIFT,DRIFT,0.091,250.369976986,0.05,0.05,NONE,NONE,NONE,NONE,NONE,diagnostic box
FS1_BMS:FVS_D2504,VALVE,0.0,250.415476986,0.05,0.05,BMS,NONE,FS1,NONE,FVS,fast valve sensor
FS1_BMS:PORT_D2504,PORT,0.0,250.415476986,0.05,0.05,BMS,IP_S,FS1,NONE,PORT,"pump, 65 l/s"
DRIFT,DRIFT,0.099,250.464976986,0.04,0.04,NONE,NONE,NONE,NONE,NONE,bellow
DRIFT,DRIFT,0.09276,250.560856986,0.04,0.04,NONE,NONE,NONE,NONE,NONE,drift_1440
FS1_BMS:DC_D2507,COR,0.2,250.707236986,0.05,0.05,BMS,C2,FS1,D2507,DC,"correctors-X,Y"
FS1_BMS:DCH_D2507,HCOR,0.0,250.707236986,0.05,0.05,BMS,C2,FS1,D2507,DCH,horiz. corrector magnet
FS1_BMS:DCV_D2507,VCOR,0.0,250.707236986,0.05,0.05,BMS,C2,FS1,D2507,DCV,vert. corrector magnet
DRIFT,DRIFT,0.145,250.879736986,0.05,0.05,NONE,NONE,NONE,NONE,NONE,drift_1442
FS1_BMS:QV_D2511,QUAD,0.25,251.077236986,0.05,0.05,BMS,QUAD_Q1,FS1,D2511,QV,quadrupole-Y
DRIFT,DRIFT,0.2,251.302236986,0.05,0.05,NONE,NONE,NONE,NONE,NONE,drift_1444
FS1_BMS:QH_D2515,QUAD,0.25,251.527236986,0.05,0.05,BMS,QUAD_Q1,FS1,D2515,QH,quadrupole-X
FS1_BMS:BCM_D2525,BCM,1.625,252.464736986,0.05,0.05,BMS,BCM3,FS1,NONE,BCM,current monitor
FS1_BMS:DC_D2534,COR,0.2,253.377236986,0.05,0.05,BMS,C2,FS1,D2534,DC,"correctors-X,Y"
FS1_BMS:DCH_D2534,HCOR,0.0,253.377236986,0.05,0.05,BMS,C2,FS1,D2534,DCH,horiz. corrector magnet
FS1_BMS:DCV_D2534,VCOR,0.0,253.377236986,0.05,0.05,BMS,C2,FS1,D2534,DCV,vert. corrector magnet
DRIFT,DRIFT,0.069,253.511736986,0.05,0.05,NONE,NONE,NONE,NONE,NONE,drift_1450
FS1_BMS:BPM_D2536,BPM,0.137,253.614736986,0.0475,0.0475,BMS,BPM3,FS1,D2536,BPM,position monitor
DRIFT,DRIFT,0.044,253.705236986,0.0475,0.0475,NONE,NONE,NONE,NONE,NONE,drift_1452
FS1_BMS:QV_D2539,QUAD,0.25,253.852236986,0.05,0.05,BMS,QUAD_Q1,FS1,D2539,QV,quadrupole-Y
DRIFT,DRIFT,1.2,254.577236986,0.05,0.05,NONE,NONE,NONE,NONE,NONE,drift_1454
FS1_BMS:PORT_D2552,PORT,0.0,255.177236986,0.05,0.05,BMS,IP_S,FS1,NONE,PORT,"pump, 65 l/s"
DRIFT,DRIFT,1.0,255.677236986,0.05,0.05,NONE,NONE,NONE,NONE,NONE,drift_1456
FS1_BMS:QH_D2563,QUAD,0.25,256.302236986,0.05,0.05,BMS,QUAD_Q1,FS1,D2563,QH,quadrupole-X
DRIFT,DRIFT,1.9484051,257.401439536,0.05,0.05,NONE,NONE,NONE,NONE,NONE,drift_1458
FS1_BMS:DC_D2585,COR,0.2,258.475642086,0.05,0.05,BMS,C2,FS1,D2585,DC,"correctors-X,Y"
FS1_BMS:DCH_D2585,HCOR,0.0,258.475642086,0.05,0.05,BMS,C2,FS1,D2585,DCH,horiz. corrector magnet
FS1_BMS:DCV_D2585,VCOR,0.0,258.475642086,0.05,0.05,BMS,C2,FS1,D2585,DCV,vert. corrector magnet
DRIFT,DRIFT,0.069,258.610142086,0.05,0.05,NONE,NONE,NONE,NONE,NONE,drift_1460
FS1_BMS:BPM_D2587,BPM,0.137,258.713142086,0.0475,0.0475,BMS,BPM3,FS1,D2587,BPM,position monitor
DRIFT,DRIFT,0.044,258.803642086,0.0475,0.0475,NONE,NONE,NONE,NONE,NONE,drift_1462
FS1_BMS:QV_D2590,QUAD,0.25,258.950642086,0.05,0.05,BMS,QUAD_Q1,FS1,D2590,QV,quadrupole-Y
DRIFT,DRIFT,0.5,259.325642086,0.05,0.05,NONE,NONE,NONE,NONE,NONE,drift_1464
FS1_BMS:QH_D2597,QUAD,0.25,259.700642086,0.05,0.05,BMS,QUAD_Q1,FS1,D2597,QH,quadrupole-X
DRIFT,DRIFT,0.0608,259.856042086,0.05,0.05,NONE,NONE,NONE,NONE,NONE,drift_1466
FS1_BMS:FAV_D2599,VALVE,0.067196,259.920040086,0.04,0.04,BMS,NONE,FS1,NONE,FAV,fast valve
DRIFT,DRIFT,0.116,260.011638086,0.04,0.04,NONE,NONE,NONE,NONE,NONE,bellow
FS1_BMS:BPM_D2601,BPM,0.0,260.069638086,0.04,0.04,BMS,BPM2,FS1,D2601,BPM,position monitor
DRIFT,DRIFT,0.074,260.106638086,0.04,0.04,NONE,NONE,NONE,NONE,NONE,diagnostic box
FS1_BMS:PM_D2601,PM,0.0,260.143638086,0.04,0.04,BMS,PM2,FS1,D2601,PM,profile monitor
DRIFT,DRIFT,0.091,260.189138086,0.04,0.04,NONE,NONE,NONE,NONE,NONE,diagnostic box
FS1_BMS:FVS_D2602,VALVE,0.0,260.234638086,0.04,0.04,BMS,NONE,FS1,NONE,FVS,fast valve sensor
FS1_BMS:PORT_D2602,PORT,0.0,260.234638086,0.04,0.04,BMS,IP_S,FS1,NONE,PORT,"pump, 65 l/s"
DRIFT,DRIFT,0.099,260.284138086,0.04,0.04,NONE,NONE,NONE,NONE,NONE,bellow
DRIFT,DRIFT,0.069607,260.368441586,0.04,0.04,NONE,NONE,NONE,NONE,NONE,drift_1477
FS1_CH04:GV_D2604,VALVE,0.057404,260.431947086,0.04,0.04,CH04,NONE,FS1,NONE,GV,gate valve
DRIFT,DRIFT,0.1895765,260.554980086,0.04,0.04,NONE,NONE,NONE,NONE,NONE,bellows
FS1_CH04:CAV1_D2608,CAV,0.3,260.800225586,0.034,0.034,CH04,CAV_B08,FS1,D2608,CAV1,b08 cavity
DRIFT,DRIFT,0.097688,260.999069586,0.034,0.034,NONE,NONE,NONE,NONE,NONE,bellows
FS1_CH04:CAV2_D2612,CAV,0.3,261.197913586,0.034,0.034,CH04,CAV_B08,FS1,D2612,CAV2,b08 cavity
DRIFT,DRIFT,0.0986025,261.397672086,0.034,0.034,NONE,NONE,NONE,NONE,NONE,bellows
DRIFT,DRIFT,0.197985,261.545508586,0.034,0.034,NONE,NONE,NONE,NONE,NONE,drift_1484
DRIFT,DRIFT,0.0986025,261.693345086,0.034,0.034,NONE,NONE,NONE,NONE,NONE,bellows
FS1_CH04:CAV3_D2619,CAV,0.3,261.893103586,0.034,0.034,CH04,CAV_B08,FS1,D2619,CAV3,b08 cavity
DRIFT,DRIFT,0.097688,262.091947586,0.034,0.034,NONE,NONE,NONE,NONE,NONE,bellows
FS1_CH04:CAV4_D2623,CAV,0.3,262.290791586,0.034,0.034,CH04,CAV_B08,FS1,D2623,CAV4,b08 cavity
DRIFT,DRIFT,0.1895765,262.536037086,0.034,0.034,NONE,NONE,NONE,NONE,NONE,bellows
FS1_CH04:GV_D2627,VALVE,0.057404,262.659070086,0.04,0.04,CH04,NONE,FS1,NONE,GV,gate valve
DRIFT,DRIFT,0.094,262.734772086,0.04,0.04,NONE,NONE,NONE,NONE,NONE,bellow
DRIFT,DRIFT,0.0,262.781772086,0.04,0.04,NONE,NONE,NONE,NONE,NONE,vacuum box
FS1_BMS:FVS_D2628,VALVE,0.0,262.781772086,0.04,0.04,BMS,NONE,FS1,NONE,FVS,fast valve sensor
DRIFT,DRIFT,0.091,262.827272086,0.04,0.04,NONE,NONE,NONE,NONE,NONE,vacuum box
FS1_BMS:PORT_D2629,PORT,0.0,262.872772086,0.04,0.04,BMS,IP_S,FS1,NONE,PORT,"pump, 65 l/s"
DRIFT,DRIFT,0.099,262.922272086,0.04,0.04,NONE,NONE,NONE,NONE,NONE,bellow
DRIFT,DRIFT,0.001052,262.972298086,0.04,0.04,NONE,NONE,NONE,NONE,NONE,drift_1497
FS1_CH02:GV_D2630,VALVE,0.072,263.008824086,0.04,0.04,CH02,NONE,FS1,NONE,GV,gate valve
DRIFT,DRIFT,0.1749805,263.131857086,0.04,0.04,NONE,NONE,NONE,NONE,NONE,bellows
FS1_CH02:CAV4_D2630,CAV,0.3,263.369804586,0.03,0.03,CH02,CAV_B16,FS1,D2630,CAV4,b16 cavity
DRIFT,DRIFT,0.1749805,263.607752086,0.03,0.03,NONE,NONE,NONE,NONE,NONE,bellows
FS1_CH02:GV_D2637,VALVE,0.072,263.730785086,0.03,0.03,CH02,NONE,FS1,NONE,GV,gate valve
DRIFT,DRIFT,0.1775,263.855535086,0.03,0.03,NONE,NONE,NONE,NONE,NONE,drift_1503
FS1_BMS:DC_D2640,COR,0.2,264.044285086,0.05,0.05,BMS,C2,FS1,D2640,DC,"correctors-X,Y"
FS1_BMS:DCH_D2640,HCOR,0.0,264.044285086,0.05,0.05,BMS,C2,FS1,D2640,DCH,horiz. corrector magnet
FS1_BMS:DCV_D2640,VCOR,0.0,264.044285086,0.05,0.05,BMS,C2,FS1,D2640,DCV,vert. corrector magnet
DRIFT,DRIFT,0.25,264.269285086,0.05,0.05,NONE,NONE,NONE,NONE,NONE,drift_1505
FS1_BMS:QH_D2645,QUAD,0.25,264.519285086,0.05,0.05,BMS,QUAD_Q1,FS1,D2645,QH,quadrupole-X
DRIFT,DRIFT,0.6224051,264.955487636,0.05,0.05,NONE,NONE,NONE,NONE,NONE,drift_1507
FS1_BMS:QV_D2654,QUAD,0.25,265.391690186,0.05,0.05,BMS,QUAD_Q1,FS1,D2654,QV,quadrupole-Y
DRIFT,DRIFT,0.55,265.791690186,0.05,0.05,NONE,NONE,NONE,NONE,NONE,drift_1509
FS1_BMS:DC_D2662,COR,0.2,266.166690186,0.05,0.05,BMS,C2,FS1,D2662,DC,"correctors-X,Y"
FS1_BMS:DCH_D2662,HCOR,0.0,266.166690186,0.05,0.05,BMS,C2,FS1,D2662,DCH,horiz. corrector magnet
FS1_BMS:DCV_D2662,VCOR,0.0,266.166690186,0.05,0.05,BMS,C2,FS1,D2662,DCV,vert. corrector magnet
DRIFT,DRIFT,0.069,266.301190186,0.05,0.05,NONE,NONE,NONE,NONE,NONE,drift_1511
FS1_BMS:BPM_D2664,BPM,0.137,266.404190186,0.0475,0.0475,BMS,BPM3,FS1,D2664,BPM,position monitor
DRIFT,DRIFT,0.044,266.494690186,0.0475,0.0475,NONE,NONE,NONE,NONE,NONE,drift_1513
FS1_BMS:QH_D2666,QUAD,0.25,266.641690186,0.05,0.05,BMS,QUAD_Q1,FS1,D2666,QH,quadrupole-X
DRIFT,DRIFT,0.525,267.029190186,0.05,0.05,NONE,NONE,NONE,NONE,NONE,drift_1515
FS1_BMS:BL_D2673,BL,0.0,267.291690186,0.05,0.05,BMS,LPMx,FS1,NONE,BL,bunch length monitor
FS1_BMS:PORT_D2673,PORT,0.0,267.291690186,0.05,0.05,BMS,IP_S,FS1,NONE,PORT,"pump, 65 l/s"
FS1_BMS:BCM_D2674,BCM,0.2,267.391690186,0.05,0.05,BMS,BCM2,FS1,NONE,BCM,current monitor
DRIFT,DRIFT,0.325,267.654190186,0.05,0.05,NONE,NONE,NONE,NONE,NONE,drift_1519
FS1_BMS:QH_D2679,QUAD,0.25,267.941690186,0.05,0.05,BMS,QUAD_Q1,FS1,D2679,QH,quadrupole-X
DRIFT,DRIFT,0.3495,268.241440186,0.05,0.05,NONE,NONE,NONE,NONE,NONE,drift_1521
DRIFT,DRIFT,0.0,268.416190186,0.05,0.05,NONE,NONE,NONE,NONE,NONE,dump 25W no current reading
DRIFT,DRIFT,0.3495,268.590940186,0.05,0.05,NONE,NONE,NONE,NONE,NONE,drift_1523
FS1_BMS:DC_D2689,COR,0.2,268.865690186,0.05,0.05,BMS,C2,FS1,D2689,DC,"correctors-X,Y"
FS1_BMS:DCH_D2689,HCOR,0.0,268.865690186,0.05,0.05,BMS,C2,FS1,D2689,DCH,horiz. corrector magnet
FS1_BMS:DCV_D2689,VCOR,0.0,268.865690186,0.05,0.05,BMS,C2,FS1,D2689,DCV,vert. corrector magnet
DRIFT,DRIFT,0.069,269.000190186,0.05,0.05,NONE,NONE,NONE,NONE,NONE,drift_1525
FS1_BMS:BPM_D2691,BPM,0.137,269.103190186,0.0475,0.0475,BMS,BPM3,FS1,D2691,BPM,position monitor
DRIFT,DRIFT,0.044,269.193690186,0.0475,0.0475,NONE,NONE,NONE,NONE,NONE,drift_1527
FS1_BMS:QV_D2693,QUAD,0.25,269.340690186,0.05,0.05,BMS,QUAD_Q1,FS1,D2693,QV,quadrupole-Y
DRIFT,DRIFT,0.25,269.590690186,0.05,0.05,NONE,NONE,NONE,NONE,NONE,drift_1529
FS1_BMS:QH_D2698,QUAD,0.25,269.840690186,0.05,0.05,BMS,QUAD_Q1,FS1,D2698,QH,quadrupole-X
DRIFT,DRIFT,0.12,270.025690186,0.05,0.05,NONE,NONE,NONE,NONE,NONE,drift_1531
DRIFT,DRIFT,0.116,270.143690186,0.04,0.04,NONE,NONE,NONE,NONE,NONE,bellow
FS1_BMS:BPM_D2702,BPM,0.0,270.201690186,0.04,0.04,BMS,BPM2,FS1,D2702,BPM,position monitor
DRIFT,DRIFT,0.074,270.238690186,0.04,0.04,NONE,NONE,NONE,NONE,NONE,diagnostic box
FS1_BMS:PM_D2703,PM,0.0,270.275690186,0.04,0.04,BMS,PM2,FS1,D2703,PM,profile monitor
DRIFT,DRIFT,0.091,270.321190186,0.04,0.04,NONE,NONE,NONE,NONE,NONE,diagnostic box
FS1_BMS:PORT_D2704,PORT,0.0,270.366690186,0.04,0.04,BMS,IP_S,FS1,NONE,PORT,"pump, 65 l/s"
DRIFT,DRIFT,0.099,270.416190186,0.04,0.04,NONE,NONE,NONE,NONE,NONE,bellow
