name,type,L,s,apx,apy,subsystem,dtype,system,inst,device,desc
FE_ISRC1:ACC_DFT_D0700_1,DRIFT,0.01685413,69.9825679314,0.15,0.15,NONE,NONE,NONE,NONE,NONE,drift_42
FE_ISRC1:ACC_DFT_D0700_2,DRIFT,0.1905,70.0862449964,0.15,0.15,NONE,NONE,NONE,NONE,NONE,drift_43
FE_ISRC1:ACC_DFT_D0700_3,DRIFT,0.0255,70.1942449964,0.15,0.15,NONE,NONE,NONE,NONE,NONE,drift_44
FE_SCS1:SOLR_D0704,SOL,0.3998,70.4068949964,0.15,0.15,SCS1,SOL_S4b,FE,D0704,SOLR,solenoid
FE_SCS1:SOLR_DFT_D0704,DRIFT,0.1251,70.6693449964,0.15,0.15,NONE,NONE,NONE,NONE,NONE,drift_46
FE_SCS1:TMP_D0707,PORT,0.0,70.7318949964,0.15,0.15,SCS1,TMP_M,FE,D0707,TMP,"turbo pump, 700 l/s"
FE_SCS1:TMP_DFT_D0707,DRIFT,0.11975,70.7917699964,0.15,0.15,NONE,NONE,NONE,NONE,NONE,drift_48
FE_SCS1:DCHV_D0709,COR,0.1905,70.9468949964,0.15,0.15,SCS1,C4,FE,D0709,DCHV,corrector magnet & bellow
FE_SCS1:DCH_D0709,HCOR,0.0,70.9468949964,0.15,0.15,SCS1,C4,FE,D0709,DCH,horiz. corrector magnet
FE_SCS1:DCV_D0709,VCOR,0.0,70.9468949964,0.15,0.15,SCS1,C4,FE,D0709,DCV,vert. corrector magnet
FE_SCS1:DCHV_DFT_D0709,DRIFT,0.13975,71.1120199964,0.15,0.15,NONE,NONE,NONE,NONE,NONE,drift_51
FE_SCS1:DH_D0717,BEND,1.0,71.6818949964,0.15,0.12,SCS1,BEND_D5,FE,D0717,DH,"dipole-90deg, D5-1"
FE_SCS1:TMP_D0717,PORT,0.0,72.1818949964,0.15,0.12,SCS1,TMP_M,FE,D0717,TMP,"turbo pump, 700 l/s"
FE_SCS1:TMP_DFT_D0717,DRIFT,0.06705,72.2154199964,0.15,0.15,NONE,NONE,NONE,NONE,NONE,drift_56
FE_SCS1:DCHV_D0723,COR,0.1905,72.3441949964,0.15,0.15,SCS1,C4,FE,D0723,DCHV,corrector magnet & bellow
FE_SCS1:DCH_D0723,HCOR,0.0,72.3441949964,0.15,0.15,SCS1,C4,FE,D0723,DCH,horiz. corrector magnet
FE_SCS1:DCV_D0723,VCOR,0.0,72.3441949964,0.15,0.15,SCS1,C4,FE,D0723,DCV,vert. corrector magnet
FE_SCS1:DCHV_DFT_D0723,DRIFT,0.08985,72.4843699964,0.15,0.15,NONE,NONE,NONE,NONE,NONE,drift_58
FE_SCS1:QHE_D0726,EQUAD,0.2052,72.6318949964,0.15,0.15,SCS1,QUAD_Q7,FE,D0726,QE,ES_quad_X
FE_SCS1:QE_DFT_D0726,DRIFT,0.1298,72.7993949964,0.15,0.15,NONE,NONE,NONE,NONE,NONE,drift_60
FE_SCS1:QVE_D0730,EQUAD,0.2052,72.9668949964,0.15,0.15,SCS1,QUAD_Q7,FE,D0730,QE,ES_quad_Y
FE_SCS1:QE_DFT_D0730,DRIFT,0.1298,73.1343949964,0.15,0.15,NONE,NONE,NONE,NONE,NONE,drift_62
FE_SCS1:QHE_D0733,EQUAD,0.2052,73.3018949964,0.15,0.15,SCS1,QUAD_Q7,FE,D0733,QE,ES_quad_X
FE_SCS1:QE_DFT_D0733,DRIFT,0.22561198,73.5173009864,0.15,0.15,NONE,NONE,NONE,NONE,NONE,bellow+box
FE_SCS1:SLT_D0736,SLT,0.0,73.6301069764,0.15,0.15,SCS1,None,FE,D0736,SLT,four jaw collimator
FE_SCS1:SLT_DFT_D0736,DRIFT,0.021,73.6406069764,0.15,0.15,NONE,NONE,NONE,NONE,NONE,drift_66
FE_SCS1:TMP_D0737,PORT,0.0,73.6511069764,0.15,0.15,SCS1,TMP_M,FE,D0737,TMP,"turbo pump, 700 l/s"
FE_SCS1:TMP_DFT_D0737,DRIFT,0.11811,73.7101619764,0.15,0.15,NONE,NONE,NONE,NONE,NONE,box
FE_SCS1:FC_D0738,FC,0.0,73.7692169764,0.15,0.15,SCS1,FC2,FE,D0738,FC,Faraday cup
FE_SCS1:FC_DFT_D0738,DRIFT,0.18034,73.8593869764,0.15,0.15,NONE,NONE,NONE,NONE,NONE,drift_70
FE_SCS1:VD_D0739,VD,0.0,73.9495569764,0.15,0.15,SCS1,V1,FE,D0739,VD,viewer
FE_SCS1:EMS_D0739,EMS,0.0,73.9495569764,0.15,0.15,SCS1,EM1,FE,D0739,EMS,emittance scanner (x & y)
FE_SCS1:EMS_DFT_D0739,DRIFT,0.20973802,74.0544259864,0.15,0.15,NONE,NONE,NONE,NONE,NONE,bellow+box
FE_SCS1:QHE_D0743,EQUAD,0.2052,74.2618949964,0.15,0.15,SCS1,QUAD_Q7,FE,D0743,QE,ES_quad_X
FE_SCS1:QE_DFT_D0743,DRIFT,0.1298,74.4293949964,0.15,0.15,NONE,NONE,NONE,NONE,NONE,drift_75
FE_SCS1:QVE_D0746,EQUAD,0.2052,74.5968949964,0.15,0.15,SCS1,QUAD_Q7,FE,D0746,QE,ES_quad_Y
FE_SCS1:QE_DFT_D0746,DRIFT,0.1298,74.7643949964,0.15,0.15,NONE,NONE,NONE,NONE,NONE,drift_77
FE_SCS1:QHE_D0749,EQUAD,0.2052,74.9318949964,0.15,0.15,SCS1,QUAD_Q7,FE,D0749,QE,ES_quad_X
FE_SCS1:QE_DFT_D0749,DRIFT,0.146994,75.1079919964,0.15,0.15,NONE,NONE,NONE,NONE,NONE,bellow
FE_SCS1:GV_D0752,VALVE,0.080264,75.2216209964,0.15,0.15,SCS1,NONE,FE,D0752,GV,gate valve
FE_SCS1:GV_DFT_D0752,DRIFT,0.120142,75.3218239964,0.15,0.15,NONE,NONE,NONE,NONE,NONE,drift_81
FE_LEBT:DH_D0759,BEND,1.0,75.8818949964,0.15,0.12,LEBT,BEND_D5,FE,D0759,DH,"dipole-90deg, D5-2"
FE_LEBT:DH_DFT_D0759,DRIFT,0.2224,76.4930949964,0.15,0.15,NONE,NONE,NONE,NONE,NONE,drift_83
FE_LEBT:QVE_D0767,EQUAD,0.2052,76.7068949964,0.15,0.15,LEBT,QUAD_Q7,FE,D0767,QE,ES_quad_Y
FE_LEBT:QE_DFT_D0767,DRIFT,0.1298,76.8743949964,0.15,0.15,NONE,NONE,NONE,NONE,NONE,drift_85
FE_LEBT:QHE_D0770,EQUAD,0.2052,77.0418949964,0.15,0.15,LEBT,QUAD_Q7,FE,D0770,QE,ES_quad_X
FE_LEBT:QE_DFT_D0770,DRIFT,0.09965,77.1943199964,0.15,0.15,NONE,NONE,NONE,NONE,NONE,drift_87
FE_LEBT:DCHV_D0773,COR,0.1905,77.3393949964,0.15,0.15,LEBT,C4,FE,D0773,DCHV,corrector magnet & bellow
FE_LEBT:DCH_D0773,HCOR,0.0,77.3393949964,0.15,0.15,LEBT,C4,FE,D0773,DCH,horiz. corrector magnet
FE_LEBT:DCV_D0773,VCOR,0.0,77.3393949964,0.15,0.15,LEBT,C4,FE,D0773,DCV,vert. corrector magnet
FE_LEBT:DCHV_DFT_D0773,DRIFT,0.09965,77.4844699964,0.15,0.15,NONE,NONE,NONE,NONE,NONE,drift_90
FE_LEBT:QHE_D0776,EQUAD,0.2052,77.6368949964,0.15,0.15,LEBT,QUAD_Q7,FE,D0776,QE,ES_quad_X
FE_LEBT:QE_DFT_D0776,DRIFT,0.1298,77.8043949964,0.15,0.15,NONE,NONE,NONE,NONE,NONE,drift_92
FE_LEBT:QVE_D0780,EQUAD,0.2052,77.9718949964,0.15,0.15,LEBT,QUAD_Q7,FE,D0780,QE,ES_quad_Y
FE_LEBT:QE_DFT_D0780,DRIFT,0.188985,78.1689874964,0.15,0.15,NONE,NONE,NONE,NONE,NONE,drift_94
FE_LEBT:PM_D0783,PM,0.0,78.2634799964,0.15,0.15,LEBT,PM1,FE,D0783,PM,profile monitor (large fork)
FE_LEBT:TMP_D0783,PORT,0.0,78.2634799964,0.15,0.15,LEBT,TMP_M,FE,D0783,TMP,"pump, 700 l/s"
FE_LEBT:TMP_DFT_D0783,DRIFT,0.218515,78.3727374964,0.15,0.15,NONE,NONE,NONE,NONE,NONE,drift_97
FE_LEBT:SOLR_D0787,SOL,0.3998,78.6818949964,0.15,0.15,LEBT,SOL_S4,FE,D0787,SOLR,solenoid
FE_LEBT:SOLR_DFT_D0787,DRIFT,0.0255,78.8945449964,0.15,0.15,NONE,NONE,NONE,NONE,NONE,drift_99
FE_LEBT:DCHV_D0790,COR,0.1905,79.0025449964,0.15,0.15,LEBT,C4,FE,D0790,DCHV,corrector magnet & bellow
FE_LEBT:DCH_D0790,HCOR,0.0,79.0025449964,0.15,0.15,LEBT,C4,FE,D0790,DCH,horiz. corrector magnet
FE_LEBT:DCV_D0790,VCOR,0.0,79.0025449964,0.15,0.15,LEBT,C4,FE,D0790,DCV,vert. corrector magnet
FE_LEBT:DCHV_DFT_D0790,DRIFT,0.06041281,79.1280014014,0.15,0.15,NONE,NONE,NONE,NONE,NONE,drift_101
FE_LEBT:CHP_D0792,CHP,0.1,79.2082078064,0.15,0.07,LEBT,None,FE,D0792,CHP,chopper
FE_LEBT:CHP_DFT_D0792,DRIFT,0.203492,79.3599538064,0.15,0.15,NONE,NONE,NONE,NONE,NONE,box+tube
FE_LEBT:NEGP_D0795,PORT,0.0,79.4616998064,0.15,0.15,LEBT,NEG-0,FE,D0795,NEGP,"getter pump, 3500 l/s"
FE_LEBT:NEGP_DFT_D0795,DRIFT,0.11717019,79.5202849014,0.15,0.15,NONE,NONE,NONE,NONE,NONE,drift_106
FE_LEBT:AP_D0796,AP,0.0,79.5788699964,0.15,0.15,LEBT,None,FE,D0796,AP,apertures
FE_LEBT:AP_DFT_D0796,DRIFT,0.02537541,79.5915577014,0.15,0.15,NONE,NONE,NONE,NONE,NONE,bellow+tube/box
FE_LEBT:FC_D0796,FC,0.0,79.6042454064,0.15,0.15,LEBT,FC1,FE,D0796,FC,Faraday cup
FE_LEBT:FC_DFT_D0796,DRIFT,0.35289959,79.7806952014,0.15,0.15,NONE,NONE,NONE,NONE,NONE,drift_110
FE_LEBT:SOLR_D0802,SOL,0.3998,80.1570449964,0.15,0.15,LEBT,SOL_S4,FE,D0802,SOLR,solenoid
FE_LEBT:SOLR_DFT_D0802,DRIFT,0.0255,80.3696949964,0.15,0.15,NONE,NONE,NONE,NONE,NONE,drift_112
FE_LEBT:DCHV_D0805,COR,0.1905,80.4776949964,0.15,0.15,LEBT,C4,FE,D0805,DCHV,corrector magnet & bellow
FE_LEBT:DCH_D0805,HCOR,0.0,80.4776949964,0.15,0.15,LEBT,C4,FE,D0805,DCH,horiz. corrector magnet
FE_LEBT:DCV_D0805,VCOR,0.0,80.4776949964,0.15,0.15,LEBT,C4,FE,D0805,DCV,vert. corrector magnet
FE_LEBT:DCHV_DFT_D0805,DRIFT,0.16071253,80.6533012614,0.15,0.15,NONE,NONE,NONE,NONE,NONE,drift_114
FE_LEBT:AP_D0807,AP,0.0,80.7336575264,0.15,0.15,LEBT,None,FE,D0807,AP,apertures
FE_LEBT:AP_DFT_D0807,DRIFT,0.042926,80.7551205264,0.15,0.15,NONE,NONE,NONE,NONE,NONE,drift_116
FE_LEBT:PM_D0808,PM,0.0,80.7765835264,0.15,0.15,LEBT,PM1,FE,D0808,PM,profile monitor (large fork)
FE_LEBT:PM_DFT_D0808,DRIFT,0.39539857,80.9742828114,0.15,0.15,NONE,NONE,NONE,NONE,NONE,drift_118
FE_LEBT:EMS_D0812,EMS,0.0,81.1719820964,0.15,0.15,LEBT,EM2,FE,D0812,EMS,Pepper Pot
FE_LEBT:VD_D0812,VD,0.0,81.1719820964,0.15,0.15,LEBT,V1,FE,D0812,VD,viewer
FE_LEBT:VD_DFT_D0812,DRIFT,0.20828,81.2761220964,0.15,0.15,NONE,NONE,NONE,NONE,NONE,drift_121
FE_LEBT:NEGP_D0814,PORT,0.0,81.3802620964,0.15,0.15,LEBT,NEG-0,FE,D0814,NEGP,"getter pump, 3500 l/s"
FE_LEBT:FC_D0814,FC,0.0,81.3802620964,0.15,0.15,LEBT,FC1,FE,D0814,FC,Faraday cup
FE_LEBT:FC_DFT_D0814,DRIFT,0.2170329,81.4887785464,0.15,0.15,NONE,NONE,NONE,NONE,NONE,drift_124
FE_LEBT:SOLR_D0818,SOL,0.3998,81.7971949964,0.15,0.15,LEBT,SOL_S4,FE,D0818,SOLR,solenoid
FE_LEBT:SOLR_DFT_D0818,DRIFT,0.0255,82.0098449964,0.15,0.15,NONE,NONE,NONE,NONE,NONE,drift_126
FE_LEBT:DCHV_D0821,COR,0.1905,82.1178449964,0.15,0.15,LEBT,C4,FE,D0821,DCHV,corrector magnet & bellow
FE_LEBT:DCH_D0821,HCOR,0.0,82.1178449964,0.15,0.15,LEBT,C4,FE,D0821,DCH,horiz. corrector magnet
FE_LEBT:DCV_D0821,VCOR,0.0,82.1178449964,0.15,0.15,LEBT,C4,FE,D0821,DCV,vert. corrector magnet
FE_LEBT:DCHV_DFT_D0821,DRIFT,0.13973443,82.2829622114,0.15,0.15,NONE,NONE,NONE,NONE,NONE,drift_128
FE_LEBT:DUMP_D0824,DUMP,0.0,82.3528294264,0.15,0.15,LEBT,dump,FE,D0824,DUMP,beam plug (low power)
FE_LEBT:DUMP_DFT_D0824,DRIFT,0.0387985,82.3722286764,0.15,0.15,NONE,NONE,NONE,NONE,NONE,drift_130
FE_LEBT:PM1_D0824,PM,0.0,82.3916279264,0.15,0.15,LEBT,PM1,FE,D0824,PM1,profile monitor (large fork)
FE_LEBT:PM1_DFT_D0824,DRIFT,0.201795328,82.4925255904,0.15,0.15,NONE,NONE,NONE,NONE,NONE,drift_132
FE_LEBT:GV_D0826,VALVE,0.080264,82.6335552544,0.15,0.15,LEBT,NONE,FE,D0826,GV,gate valve
FE_LEBT:GV_DFT_D0826,DRIFT,0.123508742,82.7354416254,0.15,0.15,NONE,NONE,NONE,NONE,NONE,drift_134
FE_LEBT:DVE_D0833,EBEND,1.0,83.2971959964,0.15,0.1,LEBT,BEND_D7,FE,D0833,DVE,ES_bender 1
FE_LEBT:TMP_D0833,PORT,0.0,83.7971959964,0.15,0.1,LEBT,TMP_M,FE,D0833,TMP,"pump, 700 l/s"
FE_LEBT:TMP_DFT_D0833,DRIFT,0.11975,83.8570709964,0.15,0.15,NONE,NONE,NONE,NONE,NONE,drift_138
FE_LEBT:DCHV_D0840,COR,0.1905,84.0121959964,0.15,0.15,LEBT,C4,FE,D0840,DCHV,corrector magnet & bellow
FE_LEBT:DCH_D0840,HCOR,0.0,84.0121959964,0.15,0.15,LEBT,C4,FE,D0840,DCH,horiz. corrector magnet
FE_LEBT:DCV_D0840,VCOR,0.0,84.0121959964,0.15,0.15,LEBT,C4,FE,D0840,DCV,vert. corrector magnet
FE_LEBT:DCHV_DFT_D0840,DRIFT,0.23715,84.2260209964,0.15,0.15,NONE,NONE,NONE,NONE,NONE,drift_140
FE_LEBT:QHE_D0844,EQUAD,0.2052,84.4471959964,0.15,0.15,LEBT,QUAD_Q7,FE,D0844,QE,ES_quad_X
FE_LEBT:QE_DFT_D0844,DRIFT,0.1298,84.6146959964,0.15,0.15,NONE,NONE,NONE,NONE,NONE,drift_142
FE_LEBT:QVE_D0848,EQUAD,0.2052,84.7821959964,0.15,0.15,LEBT,QUAD_Q7,FE,D0848,QE,ES_quad_Y
FE_LEBT:QE_DFT_D0848,DRIFT,0.1298,84.9496959964,0.15,0.15,NONE,NONE,NONE,NONE,NONE,drift_144
FE_LEBT:QHE_D0851,EQUAD,0.2052,85.1171959964,0.15,0.15,LEBT,QUAD_Q7,FE,D0851,QE,ES_quad_X
FE_LEBT:QE_DFT_D0851,DRIFT,0.3404157326,85.3900038627,0.15,0.15,NONE,NONE,NONE,NONE,NONE,bellow ?
FE_LEBT:PM_D0856,PM,0.0,85.560211729,0.15,0.15,LEBT,PM1,FE,D0856,PM,profile monitor (large fork)
FE_LEBT:PM_DFT_D0856_1,DRIFT,0.739729713,85.9300765855,0.15,0.15,NONE,NONE,NONE,NONE,NONE,bellow+tube
FE_LEBT:PM_DFT_D0856_2,DRIFT,0.0,86.299941442,0.15,0.15,NONE,NONE,NONE,NONE,NONE,4 way cross
FE_LEBT:NEGP_D0863,PORT,0.0,86.299941442,0.15,0.15,LEBT,NEG-0,FE,D0863,NEGP,"getter pump, 3500 l/s"
FE_LEBT:NEGP_DFT_D0863,DRIFT,0.42075455,86.510318717,0.15,0.15,NONE,NONE,NONE,NONE,NONE,drift_151
FE_LEBT:DCHV_D0868,COR,0.1905,86.815945992,0.15,0.15,LEBT,C4,FE,D0868,DCHV,corrector magnet & bellow
FE_LEBT:DCH_D0868,HCOR,0.0,86.815945992,0.15,0.15,LEBT,C4,FE,D0868,DCH,horiz. corrector magnet
FE_LEBT:DCV_D0868,VCOR,0.0,86.815945992,0.15,0.15,LEBT,C4,FE,D0868,DCV,vert. corrector magnet
FE_LEBT:DCHV_DFT_D0868,DRIFT,0.08215,86.952270992,0.15,0.15,NONE,NONE,NONE,NONE,NONE,drift_153
FE_LEBT:QVE_D0871,EQUAD,0.2052,87.095945992,0.15,0.15,LEBT,QUAD_Q7,FE,D0871,QE,ES_quad_Y
FE_LEBT:QE_DFT_D0871,DRIFT,0.1298,87.263445992,0.15,0.15,NONE,NONE,NONE,NONE,NONE,drift_155
FE_LEBT:QHE_D0874,EQUAD,0.2052,87.430945992,0.15,0.15,LEBT,QUAD_Q7,FE,D0874,QE,ES_quad_X
FE_LEBT:QE_DFT_D0874,DRIFT,0.1298,87.598445992,0.15,0.15,NONE,NONE,NONE,NONE,NONE,drift_157
FE_LEBT:QVE_D0878,EQUAD,0.2052,87.765945992,0.15,0.15,LEBT,QUAD_Q7,FE,D0878,QE,ES_quad_Y
FE_LEBT:QE_DFT_D0878,DRIFT,0.08215,87.909620992,0.15,0.15,NONE,NONE,NONE,NONE,NONE,drift_159
FE_LEBT:DCHV_D0880,COR,0.1905,88.045945992,0.15,0.15,LEBT,C4,FE,D0880,DCHV,corrector+bellow+tube
FE_LEBT:DCH_D0880,HCOR,0.0,88.045945992,0.15,0.15,LEBT,C4,FE,D0880,DCH,horiz. corrector magnet
FE_LEBT:DCV_D0880,VCOR,0.0,88.045945992,0.15,0.15,LEBT,C4,FE,D0880,DCV,vert. corrector magnet
FE_LEBT:DCHV_DFT_D0880,DRIFT,0.379479588,88.330935786,0.15,0.15,NONE,NONE,NONE,NONE,NONE,drift_161
FE_LEBT:PM_D0885,PM,0.0,88.52067558,0.15,0.15,LEBT,PM1,FE,D0885,PM,profile monitor (large fork)
FE_LEBT:PM_DFT_D0885_1,DRIFT,0.0589026,88.55012688,0.15,0.15,NONE,NONE,NONE,NONE,NONE,drift_163
FE_LEBT:PM_DFT_D0885_2,DRIFT,0.0,88.57957818,0.15,0.15,NONE,NONE,NONE,NONE,NONE,4 way cross ??
FE_LEBT:NEGP_D0886,PORT,0.0,88.57957818,0.15,0.15,LEBT,NEG-0,FE,D0886,NEGP,"getter pump, 3500 l/s"
FE_LEBT:NEGP_DFT_D0886,DRIFT,0.44376782,88.80146209,0.15,0.15,NONE,NONE,NONE,NONE,NONE,tube
FE_LEBT:QVE_D0891,EQUAD,0.2052,89.125946,0.15,0.15,LEBT,QUAD_Q7,FE,D0891,QE,ES_quad_Y
FE_LEBT:QE_DFT_D0891,DRIFT,0.1298,89.293446,0.15,0.15,NONE,NONE,NONE,NONE,NONE,drift_168
FE_LEBT:QHE_D0895,EQUAD,0.2052,89.460946,0.15,0.15,LEBT,QUAD_Q7,FE,D0895,QE,ES_quad_X
FE_LEBT:QE_DFT_D0895,DRIFT,0.1298,89.628446,0.15,0.15,NONE,NONE,NONE,NONE,NONE,drift_170
FE_LEBT:QVE_D0898,EQUAD,0.2052,89.795946,0.15,0.15,LEBT,QUAD_Q7,FE,D0898,QE,ES_quad_Y
FE_LEBT:QE_DFT_D0898,DRIFT,0.08215,89.939621,0.15,0.15,NONE,NONE,NONE,NONE,NONE,drift_172
FE_LEBT:DCHV_D0901,COR,0.1905,90.075946,0.15,0.15,LEBT,C4,FE,D0901,DCHV,corrector magnet & bellow
FE_LEBT:DCH_D0901,HCOR,0.0,90.075946,0.15,0.15,LEBT,C4,FE,D0901,DCH,horiz. corrector magnet
FE_LEBT:DCV_D0901,VCOR,0.0,90.075946,0.15,0.15,LEBT,C4,FE,D0901,DCV,vert. corrector magnet
FE_LEBT:DCHV_DFT_D0901_1,DRIFT,0.4207677452,90.3815798726,0.15,0.15,NONE,NONE,NONE,NONE,NONE,drift_174
FE_LEBT:DCHV_DFT_D0901_2,DRIFT,0.0,90.5919637452,0.15,0.15,NONE,NONE,NONE,NONE,NONE,4 way cross ??
FE_LEBT:NEGP_D0906,PORT,0.0,90.5919637452,0.15,0.15,LEBT,NEG-0,FE,D0906,NEGP,"getter pump, 3500 l/s"
FE_LEBT:NEGP_DFT_D0906_1,DRIFT,0.5774618548,90.8806946726,0.15,0.15,NONE,NONE,NONE,NONE,NONE,tube
FE_LEBT:NEGP_DFT_D0906_2,DRIFT,0.0,91.1694256,0.15,0.15,NONE,NONE,NONE,NONE,NONE,4 way cross
FE_LEBT:PM_D0912,PM,0.0,91.1694256,0.15,0.15,LEBT,PM1,FE,D0912,PM,profile monitor (large fork)
FE_LEBT:PM_DFT_D0912,DRIFT,0.5026704,91.4207608,0.15,0.15,NONE,NONE,NONE,NONE,NONE,bellow
FE_LEBT:QHE_D0918,EQUAD,0.2052,91.774696,0.15,0.15,LEBT,QUAD_Q7,FE,D0918,QE,ES_quad_X
FE_LEBT:QE_DFT_D0918,DRIFT,0.1298,91.942196,0.15,0.15,NONE,NONE,NONE,NONE,NONE,drift_183
FE_LEBT:QVE_D0921,EQUAD,0.2052,92.109696,0.15,0.15,LEBT,QUAD_Q7,FE,D0921,QE,ES_quad_Y
FE_LEBT:QE_DFT_D0921,DRIFT,0.1298,92.277196,0.15,0.15,NONE,NONE,NONE,NONE,NONE,drift_185
FE_LEBT:QHE_D0924,EQUAD,0.2052,92.444696,0.15,0.15,LEBT,QUAD_Q7,FE,D0924,QE,ES_quad_X
FE_LEBT:QE_DFT_D0924,DRIFT,0.23715,92.665871,0.15,0.15,NONE,NONE,NONE,NONE,NONE,drift_187
FE_LEBT:DCHV_D0929,COR,0.1905,92.879696,0.15,0.15,LEBT,C4,FE,D0929,DCHV,corrector+bellow+tube
FE_LEBT:DCH_D0929,HCOR,0.0,92.879696,0.15,0.15,LEBT,C4,FE,D0929,DCH,horiz. corrector magnet
FE_LEBT:DCV_D0929,VCOR,0.0,92.879696,0.15,0.15,LEBT,C4,FE,D0929,DCV,vert. corrector magnet
FE_LEBT:DCHV_DFT_D0929,DRIFT,0.11975,93.034821,0.15,0.15,NONE,NONE,NONE,NONE,NONE,drift_189
FE_LEBT:DVE_D0936,EBEND,1.0,93.594696,0.15,0.1,LEBT,BEND_D7,FE,D0936,DVE,ES_bender 2
FE_LEBT:NEGP_D0936,PORT,0.0,94.094696,0.15,0.1,LEBT,NEG-0,FE,D0936,NEGP,"getter pump, 3500 l/s"
FE_LEBT:NEGP_DFT_D0936_1,DRIFT,3e-06,94.0946975,0.15,0.15,NONE,NONE,NONE,NONE,NONE,drift_192
FE_LEBT:NEGP_DFT_D0936_2,DRIFT,0.123508742,94.156453371,0.15,0.15,NONE,NONE,NONE,NONE,NONE,drift_193
FE_LEBT:GV_D0943,VALVE,0.080264,94.258339742,0.15,0.15,LEBT,NONE,FE,D0943,GV,gate valve
FE_LEBT:GV_DFT_D0943,DRIFT,0.201795318,94.399369401,0.15,0.15,NONE,NONE,NONE,NONE,NONE,drift_195
FE_LEBT:PM_D0945,PM,0.0,94.50026706,0.15,0.15,LEBT,PM1,FE,D0945,PM,profile monitor (large fork)
FE_LEBT:PM_DFT_D0945,DRIFT,0.17853294,94.58953353,0.15,0.15,NONE,NONE,NONE,NONE,NONE,drift_197
FE_LEBT:DCHV_D0948,COR,0.1905,94.77405,0.15,0.15,LEBT,C4,FE,D0948,DCHV,corrector magnet & bellow
FE_LEBT:DCH_D0948,HCOR,0.0,94.77405,0.15,0.15,LEBT,C4,FE,D0948,DCH,horiz. corrector magnet
FE_LEBT:DCV_D0948,VCOR,0.0,94.77405,0.15,0.15,LEBT,C4,FE,D0948,DCV,vert. corrector magnet
FE_LEBT:DCHV_DFT_D0948,DRIFT,0.0255,94.88205,0.15,0.15,NONE,NONE,NONE,NONE,NONE,drift_199
FE_LEBT:SOLR_D0951,SOL,0.3998,95.0947,0.15,0.15,LEBT,SOL_S4,FE,D0951,SOLR,solenoid
FE_LEBT:SOLR_DFT_D0951,DRIFT,0.2170283,95.40311415,0.15,0.15,NONE,NONE,NONE,NONE,NONE,bellow+tube
FE_LEBT:NEGP_D0955,PORT,0.0,95.5116283,0.15,0.15,LEBT,NEG-0,FE,D0955,NEGP,"getter pump, 3500 l/s"
FE_LEBT:NEGP_DFT_D0955,DRIFT,0.1854581,95.60435735,0.15,0.15,NONE,NONE,NONE,NONE,NONE,drift_203
FE_LEBT:ATT_D0957,ATT,0.0,95.6970864,0.15,0.15,LEBT,ATT1,FE,D0957,ATT,beam attenuator
FE_LEBT:ATT_DFT_D0957,DRIFT,0.073025,95.7335989,0.15,0.15,NONE,NONE,NONE,NONE,NONE,drift_205
FE_LEBT:ATT_D0958,ATT,0.0,95.7701114,0.15,0.15,LEBT,ATT1,FE,D0958,ATT,beam attenuator
FE_LEBT:ATT_DFT_D0958,DRIFT,0.34527168,95.94274724,0.15,0.15,NONE,NONE,NONE,NONE,NONE,drift_207
FE_LEBT:PM_D0961,PM,0.0,96.11538308,0.15,0.15,LEBT,PM1,FE,D0961,PM,profile monitor (large fork)
FE_LEBT:PM_DFT_D0961,DRIFT,0.20356692,96.21716654,0.15,0.15,NONE,NONE,NONE,NONE,NONE,drift_209
FE_LEBT:DCHV_D0964,COR,0.1905,96.4142,0.15,0.15,LEBT,C4,FE,D0964,DCHV,corrector magnet & bellow
FE_LEBT:DCH_D0964,HCOR,0.0,96.4142,0.15,0.15,LEBT,C4,FE,D0964,DCH,horiz. corrector magnet
FE_LEBT:DCV_D0964,VCOR,0.0,96.4142,0.15,0.15,LEBT,C4,FE,D0964,DCV,vert. corrector magnet
FE_LEBT:DCHV_DFT_D0964,DRIFT,0.0255,96.5222,0.15,0.15,NONE,NONE,NONE,NONE,NONE,drift_211
FE_LEBT:SOLR_D0967,SOL,0.3998,96.73485,0.15,0.15,LEBT,SOL_S4,FE,D0967,SOLR,solenoid
FE_LEBT:SOLR_DFT_D0967,DRIFT,0.21865067,97.044075335,0.15,0.15,NONE,NONE,NONE,NONE,NONE,bellow
FE_LEBT:PM_D0972,PM,0.0,97.15340067,0.15,0.15,LEBT,PM1,FE,D0972,PM,profile monitor (large fork)
FE_LEBT:PM_DFT_D0972,DRIFT,0.28660522,97.29670328,0.15,0.15,NONE,NONE,NONE,NONE,NONE,drift_216
FE_LEBT:ATT_D0974,ATT,0.0,97.44000589,0.15,0.15,LEBT,ATT1,FE,D0974,ATT,beam attenuator
FE_LEBT:ATT_DFT_D0974,DRIFT,0.073025,97.47651839,0.15,0.15,NONE,NONE,NONE,NONE,NONE,drift_218
FE_LEBT:ATT_D0975,ATT,0.0,97.51303089,0.15,0.15,LEBT,ATT1,FE,D0975,ATT,beam attenuator
FE_LEBT:ATT_DFT_D0975,DRIFT,0.1562989,97.59118034,0.15,0.15,NONE,NONE,NONE,NONE,NONE,drift_220
FE_LEBT:VD_D0977,VD,0.0,97.66932979,0.15,0.15,LEBT,V2,FE,D0977,VD,viewer
FE_LEBT:IP_D0977,PORT,0.0,97.66932979,0.15,0.15,LEBT,IP_L,FE,D0977,IP,"ion pump, 300 L/s"
FE_LEBT:FC_D0977,FC,0.0,97.66932979,0.15,0.15,LEBT,FC1,FE,D0977,FC,faraday cup
FE_LEBT:FC_DFT_D0977,DRIFT,0.12477021,97.731714895,0.15,0.15,NONE,NONE,NONE,NONE,NONE,drift_226
FE_LEBT:DCHV_D0979,COR,0.1905,97.88935,0.15,0.15,LEBT,C4,FE,D0979,DCHV,corrector magnet & bellow
FE_LEBT:DCH_D0979,HCOR,0.0,97.88935,0.15,0.15,LEBT,C4,FE,D0979,DCH,horiz. corrector magnet
FE_LEBT:DCV_D0979,VCOR,0.0,97.88935,0.15,0.15,LEBT,C4,FE,D0979,DCV,vert. corrector magnet
FE_LEBT:DCHV_DFT_D0979,DRIFT,0.0255,97.99735,0.15,0.15,NONE,NONE,NONE,NONE,NONE,drift_228
FE_LEBT:SOLR_D0982,SOL,0.3998,98.21,0.15,0.15,LEBT,SOL_S4,FE,D0982,SOLR,solenoid
FE_LEBT:SOLR_DFT_D0982,DRIFT,0.220099,98.5199495,0.15,0.15,NONE,NONE,NONE,NONE,NONE,mhb box & bellows
FE_LEBT:PM_D0986,PM,0.0,98.629999,0.15,0.15,LEBT,PM1,FE,D0986,PM,profile monitor (small fork)
FE_LEBT:PM_DFT_D0986,DRIFT,0.105001,98.6824995,0.15,0.15,NONE,NONE,NONE,NONE,NONE,mhb box
FE_LEBT:CAV_D0987,CAV,0.0,98.735,0.15,0.15,LEBT,multi harmonic buncher,FE,D0987,CAV,multi harmonic buncher
FE_LEBT:CAV_DFT_D0987,DRIFT,0.0,98.735,0.15,0.15,NONE,NONE,NONE,NONE,NONE,mhb box
FE_LEBT:NEGP_D0987,PORT,0.0,98.735,0.15,0.15,LEBT,NEG-0,FE,D0987,NEGP,"getter pump, 3500 l/s"
FE_LEBT:NEGP_DFT_D0987,DRIFT,0.146492,98.808246,0.15,0.15,NONE,NONE,NONE,NONE,NONE,drift_240
FE_LEBT:BCM_D0989,BCM,0.0,98.881492,0.15,0.15,LEBT,BCM1,FE,D0989,BCM,AC current transformer
FE_LEBT:BCM_DFT_D0989,DRIFT,0.222608,98.992796,0.15,0.15,NONE,NONE,NONE,NONE,NONE,drift_242
FE_LEBT:DCHV_D0992,COR,0.1905,99.19935,0.15,0.15,LEBT,C4,FE,D0992,DCHV,corrector magnet & bellow
FE_LEBT:DCH_D0992,HCOR,0.0,99.19935,0.15,0.15,LEBT,C4,FE,D0992,DCH,horiz. corrector magnet
FE_LEBT:DCV_D0992,VCOR,0.0,99.19935,0.15,0.15,LEBT,C4,FE,D0992,DCV,vert. corrector magnet
FE_LEBT:DCHV_DFT_D0992,DRIFT,0.0255,99.30735,0.15,0.15,NONE,NONE,NONE,NONE,NONE,drift_244
FE_LEBT:SOLR_D0995,SOL,0.3998,99.52,0.15,0.15,LEBT,SOL_S4b,FE,D0995,SOLR,solenoid
FE_LEBT:SOLR_DFT_D0995,DRIFT,0.0756237,99.75771185,0.04,0.04,NONE,NONE,NONE,NONE,NONE,drift_246
FE_LEBT:FC_D0998,FC,0.0,99.7955237,0.04,0.04,LEBT,FC1,FE,D0998,FC,faraday cup
FE_LEBT:FFC_D0998,FC,0.0,99.7955237,0.04,0.04,LEBT,LPM1,FE,D0998,FFC,fast faraday cup
FE_LEBT:FFC_DFT_D0998,DRIFT,0.0233172,99.8071823,0.04,0.04,NONE,NONE,NONE,NONE,NONE,drift_249
FE_LEBT:PM_D0998,PM,0.0,99.8188409,0.04,0.04,LEBT,PM1,FE,D0998,PM,profile monitor (small fork)
FE_LEBT:PM_DFT_D0998,DRIFT,0.0761591,99.85692045,0.04,0.04,NONE,NONE,NONE,NONE,NONE,drift_251
FE_LEBT:CAV_D0999,CAV,0.0,99.895,0.04,0.04,LEBT,velocity equalizer resonator,FE,D0999,CAV,velocity equalizer resonator
FE_LEBT:CAV_DFT_D0999,DRIFT,0.0253355,99.90766775,0.04,0.04,NONE,NONE,NONE,NONE,NONE,drift_253
FE_LEBT:GV_D0999,VALVE,0.0347,99.9376855,0.04,0.04,LEBT,NONE,FE,D0999,GV,gate valve w/ special clamp
FE_LEBT:GV_DFT_D0999_1,DRIFT,0.0132145,99.96164275,0.04,0.04,NONE,NONE,NONE,NONE,NONE,drift_255
FE_LEBT:GV_DFT_D0999_2,DRIFT,0.03175,99.984125,0.04,0.04,NONE,NONE,NONE,NONE,NONE,RFQ end wall
FE_LEBT:GV_DFT_D0999_3,DRIFT,0.0,100.0,0.04,0.04,NONE,NONE,NONE,NONE,NONE,RFQ inn-wall (match point)
